ID,Name,Type_1,Type_2,Ability_1,Ability_2,Hidden_Ability,HP,Attack,Defense,Special_Attack,Special_Defense,Speed,Legendary,Mythical,Psuedo-Legendary
1,bulbasaur,grass,poison,overgrow,,chlorophyll,45,49,49,65,65,45,False,False,False
2,ivysaur,grass,poison,overgrow,,chlorophyll,60,62,63,80,80,60,False,False,False
3,venusaur,grass,poison,overgrow,,chlorophyll,80,82,83,100,100,80,False,False,False
4,charmander,fire,None,blaze,,solar-power,39,52,43,60,50,65,False,False,False
5,charmeleon,fire,None,blaze,,solar-power,58,64,58,80,65,80,False,False,False
6,charizard,fire,flying,blaze,,solar-power,78,84,78,109,85,100,False,False,False
7,squirtle,water,None,torrent,,rain-dish,44,48,65,50,64,43,False,False,False
8,wartortle,water,None,torrent,,rain-dish,59,63,80,65,80,58,False,False,False
9,blastoise,water,None,torrent,,rain-dish,79,83,100,85,105,78,False,False,False
10,caterpie,bug,None,shield-dust,,run-away,45,30,35,20,20,45,False,False,False
11,metapod,bug,None,shed-skin,,,50,20,55,25,25,30,False,False,False
12,butterfree,bug,flying,compound-eyes,,tinted-lens,60,45,50,90,80,70,False,False,False
13,weedle,bug,poison,shield-dust,,run-away,40,35,30,20,20,50,False,False,False
14,kakuna,bug,poison,shed-skin,,,45,25,50,25,25,35,False,False,False
15,beedrill,bug,poison,swarm,,sniper,65,90,40,45,80,75,False,False,False
16,pidgey,normal,flying,keen-eye,tangled-feet,big-pecks,40,45,40,35,35,56,False,False,False
17,pidgeotto,normal,flying,keen-eye,tangled-feet,big-pecks,63,60,55,50,50,71,False,False,False
18,pidgeot,normal,flying,keen-eye,tangled-feet,big-pecks,83,80,75,70,70,101,False,False,False
19,rattata,normal,None,run-away,guts,hustle,30,56,35,25,35,72,False,False,False
20,raticate,normal,None,run-away,guts,hustle,55,81,60,50,70,97,False,False,False
21,spearow,normal,flying,keen-eye,,sniper,40,60,30,31,31,70,False,False,False
22,fearow,normal,flying,keen-eye,,sniper,65,90,65,61,61,100,False,False,False
23,ekans,poison,None,intimidate,shed-skin,unnerve,35,60,44,40,54,55,False,False,False
24,arbok,poison,None,intimidate,shed-skin,unnerve,60,95,69,65,79,80,False,False,False
25,pikachu,electric,None,static,,lightning-rod,35,55,40,50,50,90,False,False,False
26,raichu,electric,None,static,,lightning-rod,60,90,55,90,80,110,False,False,False
27,sandshrew,ground,None,sand-veil,,sand-rush,50,75,85,20,30,40,False,False,False
28,sandslash,ground,None,sand-veil,,sand-rush,75,100,110,45,55,65,False,False,False
29,nidoran-f,poison,None,poison-point,rivalry,hustle,55,47,52,40,40,41,False,False,False
30,nidorina,poison,None,poison-point,rivalry,hustle,70,62,67,55,55,56,False,False,False
31,nidoqueen,poison,ground,poison-point,rivalry,sheer-force,90,92,87,75,85,76,False,False,False
32,nidoran-m,poison,None,poison-point,rivalry,hustle,46,57,40,40,40,50,False,False,False
33,nidorino,poison,None,poison-point,rivalry,hustle,61,72,57,55,55,65,False,False,False
34,nidoking,poison,ground,poison-point,rivalry,sheer-force,81,102,77,85,75,85,False,False,False
35,clefairy,fairy,None,cute-charm,magic-guard,friend-guard,70,45,48,60,65,35,False,False,False
36,clefable,fairy,None,cute-charm,magic-guard,unaware,95,70,73,95,90,60,False,False,False
37,vulpix,fire,None,flash-fire,,drought,38,41,40,50,65,65,False,False,False
38,ninetales,fire,None,flash-fire,,drought,73,76,75,81,100,100,False,False,False
39,jigglypuff,normal,fairy,cute-charm,competitive,friend-guard,115,45,20,45,25,20,False,False,False
40,wigglytuff,normal,fairy,cute-charm,competitive,frisk,140,70,45,85,50,45,False,False,False
41,zubat,poison,flying,inner-focus,,infiltrator,40,45,35,30,40,55,False,False,False
42,golbat,poison,flying,inner-focus,,infiltrator,75,80,70,65,75,90,False,False,False
43,oddish,grass,poison,chlorophyll,,run-away,45,50,55,75,65,30,False,False,False
44,gloom,grass,poison,chlorophyll,,stench,60,65,70,85,75,40,False,False,False
45,vileplume,grass,poison,chlorophyll,,effect-spore,75,80,85,110,90,50,False,False,False
46,paras,bug,grass,effect-spore,dry-skin,damp,35,70,55,45,55,25,False,False,False
47,parasect,bug,grass,effect-spore,dry-skin,damp,60,95,80,60,80,30,False,False,False
48,venonat,bug,poison,compound-eyes,tinted-lens,run-away,60,55,50,40,55,45,False,False,False
49,venomoth,bug,poison,shield-dust,tinted-lens,wonder-skin,70,65,60,90,75,90,False,False,False
50,diglett,ground,None,sand-veil,arena-trap,sand-force,10,55,25,35,45,95,False,False,False
51,dugtrio,ground,None,sand-veil,arena-trap,sand-force,35,100,50,50,70,120,False,False,False
52,meowth,normal,None,pickup,technician,unnerve,40,45,35,40,40,90,False,False,False
53,persian,normal,None,limber,technician,unnerve,65,70,60,65,65,115,False,False,False
54,psyduck,water,None,damp,cloud-nine,swift-swim,50,52,48,65,50,55,False,False,False
55,golduck,water,None,damp,cloud-nine,swift-swim,80,82,78,95,80,85,False,False,False
56,mankey,fighting,None,vital-spirit,anger-point,defiant,40,80,35,35,45,70,False,False,False
57,primeape,fighting,None,vital-spirit,anger-point,defiant,65,105,60,60,70,95,False,False,False
58,growlithe,fire,None,intimidate,flash-fire,justified,55,70,45,70,50,60,False,False,False
59,arcanine,fire,None,intimidate,flash-fire,justified,90,110,80,100,80,95,False,False,False
60,poliwag,water,None,water-absorb,damp,swift-swim,40,50,40,40,40,90,False,False,False
61,poliwhirl,water,None,water-absorb,damp,swift-swim,65,65,65,50,50,90,False,False,False
62,poliwrath,water,fighting,water-absorb,damp,swift-swim,90,95,95,70,90,70,False,False,False
63,abra,psychic,None,synchronize,inner-focus,magic-guard,25,20,15,105,55,90,False,False,False
64,kadabra,psychic,None,synchronize,inner-focus,magic-guard,40,35,30,120,70,105,False,False,False
65,alakazam,psychic,None,synchronize,inner-focus,magic-guard,55,50,45,135,95,120,False,False,False
66,machop,fighting,None,guts,no-guard,steadfast,70,80,50,35,35,35,False,False,False
67,machoke,fighting,None,guts,no-guard,steadfast,80,100,70,50,60,45,False,False,False
68,machamp,fighting,None,guts,no-guard,steadfast,90,130,80,65,85,55,False,False,False
69,bellsprout,grass,poison,chlorophyll,,gluttony,50,75,35,70,30,40,False,False,False
70,weepinbell,grass,poison,chlorophyll,,gluttony,65,90,50,85,45,55,False,False,False
71,victreebel,grass,poison,chlorophyll,,gluttony,80,105,65,100,70,70,False,False,False
72,tentacool,water,poison,clear-body,liquid-ooze,rain-dish,40,40,35,50,100,70,False,False,False
73,tentacruel,water,poison,clear-body,liquid-ooze,rain-dish,80,70,65,80,120,100,False,False,False
74,geodude,rock,ground,rock-head,sturdy,sand-veil,40,80,100,30,30,20,False,False,False
75,graveler,rock,ground,rock-head,sturdy,sand-veil,55,95,115,45,45,35,False,False,False
76,golem,rock,ground,rock-head,sturdy,sand-veil,80,120,130,55,65,45,False,False,False
77,ponyta,fire,None,run-away,flash-fire,flame-body,50,85,55,65,65,90,False,False,False
78,rapidash,fire,None,run-away,flash-fire,flame-body,65,100,70,80,80,105,False,False,False
79,slowpoke,water,psychic,oblivious,own-tempo,regenerator,90,65,65,40,40,15,False,False,False
80,slowbro,water,psychic,oblivious,own-tempo,regenerator,95,75,110,100,80,30,False,False,False
81,magnemite,electric,steel,magnet-pull,sturdy,analytic,25,35,70,95,55,45,False,False,False
82,magneton,electric,steel,magnet-pull,sturdy,analytic,50,60,95,120,70,70,False,False,False
83,farfetchd,normal,flying,keen-eye,inner-focus,defiant,52,90,55,58,62,60,False,False,False
84,doduo,normal,flying,run-away,early-bird,tangled-feet,35,85,45,35,35,75,False,False,False
85,dodrio,normal,flying,run-away,early-bird,tangled-feet,60,110,70,60,60,110,False,False,False
86,seel,water,None,thick-fat,hydration,ice-body,65,45,55,45,70,45,False,False,False
87,dewgong,water,ice,thick-fat,hydration,ice-body,90,70,80,70,95,70,False,False,False
88,grimer,poison,None,stench,sticky-hold,poison-touch,80,80,50,40,50,25,False,False,False
89,muk,poison,None,stench,sticky-hold,poison-touch,105,105,75,65,100,50,False,False,False
90,shellder,water,None,shell-armor,skill-link,overcoat,30,65,100,45,25,40,False,False,False
91,cloyster,water,ice,shell-armor,skill-link,overcoat,50,95,180,85,45,70,False,False,False
92,gastly,ghost,poison,levitate,,,30,35,30,100,35,80,False,False,False
93,haunter,ghost,poison,levitate,,,45,50,45,115,55,95,False,False,False
94,gengar,ghost,poison,cursed-body,,,60,65,60,130,75,110,False,False,False
95,onix,rock,ground,rock-head,sturdy,weak-armor,35,45,160,30,45,70,False,False,False
96,drowzee,psychic,None,insomnia,forewarn,inner-focus,60,48,45,43,90,42,False,False,False
97,hypno,psychic,None,insomnia,forewarn,inner-focus,85,73,70,73,115,67,False,False,False
98,krabby,water,None,hyper-cutter,shell-armor,sheer-force,30,105,90,25,25,50,False,False,False
99,kingler,water,None,hyper-cutter,shell-armor,sheer-force,55,130,115,50,50,75,False,False,False
100,voltorb,electric,None,soundproof,static,aftermath,40,30,50,55,55,100,False,False,False
101,electrode,electric,None,soundproof,static,aftermath,60,50,70,80,80,150,False,False,False
102,exeggcute,grass,psychic,chlorophyll,,harvest,60,40,80,60,45,40,False,False,False
103,exeggutor,grass,psychic,chlorophyll,,harvest,95,95,85,125,75,55,False,False,False
104,cubone,ground,None,rock-head,lightning-rod,battle-armor,50,50,95,40,50,35,False,False,False
105,marowak,ground,None,rock-head,lightning-rod,battle-armor,60,80,110,50,80,45,False,False,False
106,hitmonlee,fighting,None,limber,reckless,unburden,50,120,53,35,110,87,False,False,False
107,hitmonchan,fighting,None,keen-eye,iron-fist,inner-focus,50,105,79,35,110,76,False,False,False
108,lickitung,normal,None,own-tempo,oblivious,cloud-nine,90,55,75,60,75,30,False,False,False
109,koffing,poison,None,levitate,neutralizing-gas,stench,40,65,95,60,45,35,False,False,False
110,weezing,poison,None,levitate,neutralizing-gas,stench,65,90,120,85,70,60,False,False,False
111,rhyhorn,ground,rock,lightning-rod,rock-head,reckless,80,85,95,30,30,25,False,False,False
112,rhydon,ground,rock,lightning-rod,rock-head,reckless,105,130,120,45,45,40,False,False,False
113,chansey,normal,None,natural-cure,serene-grace,healer,250,5,5,35,105,50,False,False,False
114,tangela,grass,None,chlorophyll,leaf-guard,regenerator,65,55,115,100,40,60,False,False,False
115,kangaskhan,normal,None,early-bird,scrappy,inner-focus,105,95,80,40,80,90,False,False,False
116,horsea,water,None,swift-swim,sniper,damp,30,40,70,70,25,60,False,False,False
117,seadra,water,None,poison-point,sniper,damp,55,65,95,95,45,85,False,False,False
118,goldeen,water,None,swift-swim,water-veil,lightning-rod,45,67,60,35,50,63,False,False,False
119,seaking,water,None,swift-swim,water-veil,lightning-rod,80,92,65,65,80,68,False,False,False
120,staryu,water,None,illuminate,natural-cure,analytic,30,45,55,70,55,85,False,False,False
121,starmie,water,psychic,illuminate,natural-cure,analytic,60,75,85,100,85,115,False,False,False
122,mr-mime,psychic,fairy,soundproof,filter,technician,40,45,65,100,120,90,False,False,False
123,scyther,bug,flying,swarm,technician,steadfast,70,110,80,55,80,105,False,False,False
124,jynx,ice,psychic,oblivious,forewarn,dry-skin,65,50,35,115,95,95,False,False,False
125,electabuzz,electric,None,static,,vital-spirit,65,83,57,95,85,105,False,False,False
126,magmar,fire,None,flame-body,,vital-spirit,65,95,57,100,85,93,False,False,False
127,pinsir,bug,None,hyper-cutter,mold-breaker,moxie,65,125,100,55,70,85,False,False,False
128,tauros,normal,None,intimidate,anger-point,sheer-force,75,100,95,40,70,110,False,False,False
129,magikarp,water,None,swift-swim,,rattled,20,10,55,15,20,80,False,False,False
130,gyarados,water,flying,intimidate,,moxie,95,125,79,60,100,81,False,False,False
131,lapras,water,ice,water-absorb,shell-armor,hydration,130,85,80,85,95,60,False,False,False
132,ditto,normal,None,limber,,imposter,48,48,48,48,48,48,False,False,False
133,eevee,normal,None,run-away,adaptability,anticipation,55,55,50,45,65,55,False,False,False
134,vaporeon,water,None,water-absorb,,hydration,130,65,60,110,95,65,False,False,False
135,jolteon,electric,None,volt-absorb,,quick-feet,65,65,60,110,95,130,False,False,False
136,flareon,fire,None,flash-fire,,guts,65,130,60,95,110,65,False,False,False
137,porygon,normal,None,trace,download,analytic,65,60,70,85,75,40,False,False,False
138,omanyte,rock,water,swift-swim,shell-armor,weak-armor,35,40,100,90,55,35,False,False,False
139,omastar,rock,water,swift-swim,shell-armor,weak-armor,70,60,125,115,70,55,False,False,False
140,kabuto,rock,water,swift-swim,battle-armor,weak-armor,30,80,90,55,45,55,False,False,False
141,kabutops,rock,water,swift-swim,battle-armor,weak-armor,60,115,105,65,70,80,False,False,False
142,aerodactyl,rock,flying,rock-head,pressure,unnerve,80,105,65,60,75,130,False,False,False
143,snorlax,normal,None,immunity,thick-fat,gluttony,160,110,65,65,110,30,False,False,False
144,articuno,ice,flying,pressure,,snow-cloak,90,85,100,95,125,85,True,False,False
145,zapdos,electric,flying,pressure,,static,90,90,85,125,90,100,True,False,False
146,moltres,fire,flying,pressure,,flame-body,90,100,90,125,85,90,True,False,False
147,dratini,dragon,None,shed-skin,,marvel-scale,41,64,45,50,50,50,False,False,False
148,dragonair,dragon,None,shed-skin,,marvel-scale,61,84,65,70,70,70,False,False,False
149,dragonite,dragon,flying,inner-focus,,multiscale,91,134,95,100,100,80,False,False,True
150,mewtwo,psychic,None,pressure,,unnerve,106,110,90,154,90,130,True,False,False
151,mew,psychic,None,synchronize,,,100,100,100,100,100,100,False,True,False
152,chikorita,grass,None,overgrow,,leaf-guard,45,49,65,49,65,45,False,False,False
153,bayleef,grass,None,overgrow,,leaf-guard,60,62,80,63,80,60,False,False,False
154,meganium,grass,None,overgrow,,leaf-guard,80,82,100,83,100,80,False,False,False
155,cyndaquil,fire,None,blaze,,flash-fire,39,52,43,60,50,65,False,False,False
156,quilava,fire,None,blaze,,flash-fire,58,64,58,80,65,80,False,False,False
157,typhlosion,fire,None,blaze,,flash-fire,78,84,78,109,85,100,False,False,False
158,totodile,water,None,torrent,,sheer-force,50,65,64,44,48,43,False,False,False
159,croconaw,water,None,torrent,,sheer-force,65,80,80,59,63,58,False,False,False
160,feraligatr,water,None,torrent,,sheer-force,85,105,100,79,83,78,False,False,False
161,sentret,normal,None,run-away,keen-eye,frisk,35,46,34,35,45,20,False,False,False
162,furret,normal,None,run-away,keen-eye,frisk,85,76,64,45,55,90,False,False,False
163,hoothoot,normal,flying,insomnia,keen-eye,tinted-lens,60,30,30,36,56,50,False,False,False
164,noctowl,normal,flying,insomnia,keen-eye,tinted-lens,100,50,50,86,96,70,False,False,False
165,ledyba,bug,flying,swarm,early-bird,rattled,40,20,30,40,80,55,False,False,False
166,ledian,bug,flying,swarm,early-bird,iron-fist,55,35,50,55,110,85,False,False,False
167,spinarak,bug,poison,swarm,insomnia,sniper,40,60,40,40,40,30,False,False,False
168,ariados,bug,poison,swarm,insomnia,sniper,70,90,70,60,70,40,False,False,False
169,crobat,poison,flying,inner-focus,,infiltrator,85,90,80,70,80,130,False,False,False
170,chinchou,water,electric,volt-absorb,illuminate,water-absorb,75,38,38,56,56,67,False,False,False
171,lanturn,water,electric,volt-absorb,illuminate,water-absorb,125,58,58,76,76,67,False,False,False
172,pichu,electric,None,static,,lightning-rod,20,40,15,35,35,60,False,False,False
173,cleffa,fairy,None,cute-charm,magic-guard,friend-guard,50,25,28,45,55,15,False,False,False
174,igglybuff,normal,fairy,cute-charm,competitive,friend-guard,90,30,15,40,20,15,False,False,False
175,togepi,fairy,None,hustle,serene-grace,super-luck,35,20,65,40,65,20,False,False,False
176,togetic,fairy,flying,hustle,serene-grace,super-luck,55,40,85,80,105,40,False,False,False
177,natu,psychic,flying,synchronize,early-bird,magic-bounce,40,50,45,70,45,70,False,False,False
178,xatu,psychic,flying,synchronize,early-bird,magic-bounce,65,75,70,95,70,95,False,False,False
179,mareep,electric,None,static,,plus,55,40,40,65,45,35,False,False,False
180,flaaffy,electric,None,static,,plus,70,55,55,80,60,45,False,False,False
181,ampharos,electric,None,static,,plus,90,75,85,115,90,55,False,False,False
182,bellossom,grass,None,chlorophyll,,healer,75,80,95,90,100,50,False,False,False
183,marill,water,fairy,thick-fat,huge-power,sap-sipper,70,20,50,20,50,40,False,False,False
184,azumarill,water,fairy,thick-fat,huge-power,sap-sipper,100,50,80,60,80,50,False,False,False
185,sudowoodo,rock,None,sturdy,rock-head,rattled,70,100,115,30,65,30,False,False,False
186,politoed,water,None,water-absorb,damp,drizzle,90,75,75,90,100,70,False,False,False
187,hoppip,grass,flying,chlorophyll,leaf-guard,infiltrator,35,35,40,35,55,50,False,False,False
188,skiploom,grass,flying,chlorophyll,leaf-guard,infiltrator,55,45,50,45,65,80,False,False,False
189,jumpluff,grass,flying,chlorophyll,leaf-guard,infiltrator,75,55,70,55,95,110,False,False,False
190,aipom,normal,None,run-away,pickup,skill-link,55,70,55,40,55,85,False,False,False
191,sunkern,grass,None,chlorophyll,solar-power,early-bird,30,30,30,30,30,30,False,False,False
192,sunflora,grass,None,chlorophyll,solar-power,early-bird,75,75,55,105,85,30,False,False,False
193,yanma,bug,flying,speed-boost,compound-eyes,frisk,65,65,45,75,45,95,False,False,False
194,wooper,water,ground,damp,water-absorb,unaware,55,45,45,25,25,15,False,False,False
195,quagsire,water,ground,damp,water-absorb,unaware,95,85,85,65,65,35,False,False,False
196,espeon,psychic,None,synchronize,,magic-bounce,65,65,60,130,95,110,False,False,False
197,umbreon,dark,None,synchronize,,inner-focus,95,65,110,60,130,65,False,False,False
198,murkrow,dark,flying,insomnia,super-luck,prankster,60,85,42,85,42,91,False,False,False
199,slowking,water,psychic,oblivious,own-tempo,regenerator,95,75,80,100,110,30,False,False,False
200,misdreavus,ghost,None,levitate,,,60,60,60,85,85,85,False,False,False
201,unown,psychic,None,levitate,,,48,72,48,72,48,48,False,False,False
202,wobbuffet,psychic,None,shadow-tag,,telepathy,190,33,58,33,58,33,False,False,False
203,girafarig,normal,psychic,inner-focus,early-bird,sap-sipper,70,80,65,90,65,85,False,False,False
204,pineco,bug,None,sturdy,,overcoat,50,65,90,35,35,15,False,False,False
205,forretress,bug,steel,sturdy,,overcoat,75,90,140,60,60,40,False,False,False
206,dunsparce,normal,None,serene-grace,run-away,rattled,100,70,70,65,65,45,False,False,False
207,gligar,ground,flying,hyper-cutter,sand-veil,immunity,65,75,105,35,65,85,False,False,False
208,steelix,steel,ground,rock-head,sturdy,sheer-force,75,85,200,55,65,30,False,False,False
209,snubbull,fairy,None,intimidate,run-away,rattled,60,80,50,40,40,30,False,False,False
210,granbull,fairy,None,intimidate,quick-feet,rattled,90,120,75,60,60,45,False,False,False
211,qwilfish,water,poison,poison-point,swift-swim,intimidate,65,95,85,55,55,85,False,False,False
212,scizor,bug,steel,swarm,technician,light-metal,70,130,100,55,80,65,False,False,False
213,shuckle,bug,rock,sturdy,gluttony,contrary,20,10,230,10,230,5,False,False,False
214,heracross,bug,fighting,swarm,guts,moxie,80,125,75,40,95,85,False,False,False
215,sneasel,dark,ice,inner-focus,keen-eye,pickpocket,55,95,55,35,75,115,False,False,False
216,teddiursa,normal,None,pickup,quick-feet,honey-gather,60,80,50,50,50,40,False,False,False
217,ursaring,normal,None,guts,quick-feet,unnerve,90,130,75,75,75,55,False,False,False
218,slugma,fire,None,magma-armor,flame-body,weak-armor,40,40,40,70,40,20,False,False,False
219,magcargo,fire,rock,magma-armor,flame-body,weak-armor,60,50,120,90,80,30,False,False,False
220,swinub,ice,ground,oblivious,snow-cloak,thick-fat,50,50,40,30,30,50,False,False,False
221,piloswine,ice,ground,oblivious,snow-cloak,thick-fat,100,100,80,60,60,50,False,False,False
222,corsola,water,rock,hustle,natural-cure,regenerator,65,55,95,65,95,35,False,False,False
223,remoraid,water,None,hustle,sniper,moody,35,65,35,65,35,65,False,False,False
224,octillery,water,None,suction-cups,sniper,moody,75,105,75,105,75,45,False,False,False
225,delibird,ice,flying,vital-spirit,hustle,insomnia,45,55,45,65,45,75,False,False,False
226,mantine,water,flying,swift-swim,water-absorb,water-veil,85,40,70,80,140,70,False,False,False
227,skarmory,steel,flying,keen-eye,sturdy,weak-armor,65,80,140,40,70,70,False,False,False
228,houndour,dark,fire,early-bird,flash-fire,unnerve,45,60,30,80,50,65,False,False,False
229,houndoom,dark,fire,early-bird,flash-fire,unnerve,75,90,50,110,80,95,False,False,False
230,kingdra,water,dragon,swift-swim,sniper,damp,75,95,95,95,95,85,False,False,False
231,phanpy,ground,None,pickup,,sand-veil,90,60,60,40,40,40,False,False,False
232,donphan,ground,None,sturdy,,sand-veil,90,120,120,60,60,50,False,False,False
233,porygon2,normal,None,trace,download,analytic,85,80,90,105,95,60,False,False,False
234,stantler,normal,None,intimidate,frisk,sap-sipper,73,95,62,85,65,85,False,False,False
235,smeargle,normal,None,own-tempo,technician,moody,55,20,35,20,45,75,False,False,False
236,tyrogue,fighting,None,guts,steadfast,vital-spirit,35,35,35,35,35,35,False,False,False
237,hitmontop,fighting,None,intimidate,technician,steadfast,50,95,95,35,110,70,False,False,False
238,smoochum,ice,psychic,oblivious,forewarn,hydration,45,30,15,85,65,65,False,False,False
239,elekid,electric,None,static,,vital-spirit,45,63,37,65,55,95,False,False,False
240,magby,fire,None,flame-body,,vital-spirit,45,75,37,70,55,83,False,False,False
241,miltank,normal,None,thick-fat,scrappy,sap-sipper,95,80,105,40,70,100,False,False,False
242,blissey,normal,None,natural-cure,serene-grace,healer,255,10,10,75,135,55,False,False,False
243,raikou,electric,None,pressure,,inner-focus,90,85,75,115,100,115,True,False,False
244,entei,fire,None,pressure,,inner-focus,115,115,85,90,75,100,True,False,False
245,suicune,water,None,pressure,,inner-focus,100,75,115,90,115,85,True,False,False
246,larvitar,rock,ground,guts,,sand-veil,50,64,50,45,50,41,False,False,False
247,pupitar,rock,ground,shed-skin,,,70,84,70,65,70,51,False,False,False
248,tyranitar,rock,dark,sand-stream,,unnerve,100,134,110,95,100,61,False,False,True
249,lugia,psychic,flying,pressure,,multiscale,106,90,130,90,154,110,True,False,False
250,ho-oh,fire,flying,pressure,,regenerator,106,130,90,110,154,90,True,False,False
251,celebi,psychic,grass,natural-cure,,,100,100,100,100,100,100,False,True,False
252,treecko,grass,None,overgrow,,unburden,40,45,35,65,55,70,False,False,False
253,grovyle,grass,None,overgrow,,unburden,50,65,45,85,65,95,False,False,False
254,sceptile,grass,None,overgrow,,unburden,70,85,65,105,85,120,False,False,False
255,torchic,fire,None,blaze,,speed-boost,45,60,40,70,50,45,False,False,False
256,combusken,fire,fighting,blaze,,speed-boost,60,85,60,85,60,55,False,False,False
257,blaziken,fire,fighting,blaze,,speed-boost,80,120,70,110,70,80,False,False,False
258,mudkip,water,None,torrent,,damp,50,70,50,50,50,40,False,False,False
259,marshtomp,water,ground,torrent,,damp,70,85,70,60,70,50,False,False,False
260,swampert,water,ground,torrent,,damp,100,110,90,85,90,60,False,False,False
261,poochyena,dark,None,run-away,quick-feet,rattled,35,55,35,30,30,35,False,False,False
262,mightyena,dark,None,intimidate,quick-feet,moxie,70,90,70,60,60,70,False,False,False
263,zigzagoon,normal,None,pickup,gluttony,quick-feet,38,30,41,30,41,60,False,False,False
264,linoone,normal,None,pickup,gluttony,quick-feet,78,70,61,50,61,100,False,False,False
265,wurmple,bug,None,shield-dust,,run-away,45,45,35,20,30,20,False,False,False
266,silcoon,bug,None,shed-skin,,,50,35,55,25,25,15,False,False,False
267,beautifly,bug,flying,swarm,,rivalry,60,70,50,100,50,65,False,False,False
268,cascoon,bug,None,shed-skin,,,50,35,55,25,25,15,False,False,False
269,dustox,bug,poison,shield-dust,,compound-eyes,60,50,70,50,90,65,False,False,False
270,lotad,water,grass,swift-swim,rain-dish,own-tempo,40,30,30,40,50,30,False,False,False
271,lombre,water,grass,swift-swim,rain-dish,own-tempo,60,50,50,60,70,50,False,False,False
272,ludicolo,water,grass,swift-swim,rain-dish,own-tempo,80,70,70,90,100,70,False,False,False
273,seedot,grass,None,chlorophyll,early-bird,pickpocket,40,40,50,30,30,30,False,False,False
274,nuzleaf,grass,dark,chlorophyll,early-bird,pickpocket,70,70,40,60,40,60,False,False,False
275,shiftry,grass,dark,chlorophyll,early-bird,pickpocket,90,100,60,90,60,80,False,False,False
276,taillow,normal,flying,guts,,scrappy,40,55,30,30,30,85,False,False,False
277,swellow,normal,flying,guts,,scrappy,60,85,60,75,50,125,False,False,False
278,wingull,water,flying,keen-eye,hydration,rain-dish,40,30,30,55,30,85,False,False,False
279,pelipper,water,flying,keen-eye,drizzle,rain-dish,60,50,100,95,70,65,False,False,False
280,ralts,psychic,fairy,synchronize,trace,telepathy,28,25,25,45,35,40,False,False,False
281,kirlia,psychic,fairy,synchronize,trace,telepathy,38,35,35,65,55,50,False,False,False
282,gardevoir,psychic,fairy,synchronize,trace,telepathy,68,65,65,125,115,80,False,False,False
283,surskit,bug,water,swift-swim,,rain-dish,40,30,32,50,52,65,False,False,False
284,masquerain,bug,flying,intimidate,,unnerve,70,60,62,100,82,80,False,False,False
285,shroomish,grass,None,effect-spore,poison-heal,quick-feet,60,40,60,40,60,35,False,False,False
286,breloom,grass,fighting,effect-spore,poison-heal,technician,60,130,80,60,60,70,False,False,False
287,slakoth,normal,None,truant,,,60,60,60,35,35,30,False,False,False
288,vigoroth,normal,None,vital-spirit,,,80,80,80,55,55,90,False,False,False
289,slaking,normal,None,truant,,,150,160,100,95,65,100,False,False,False
290,nincada,bug,ground,compound-eyes,,run-away,31,45,90,30,30,40,False,False,False
291,ninjask,bug,flying,speed-boost,,infiltrator,61,90,45,50,50,160,False,False,False
292,shedinja,bug,ghost,wonder-guard,,,1,90,45,30,30,40,False,False,False
293,whismur,normal,None,soundproof,,rattled,64,51,23,51,23,28,False,False,False
294,loudred,normal,None,soundproof,,scrappy,84,71,43,71,43,48,False,False,False
295,exploud,normal,None,soundproof,,scrappy,104,91,63,91,73,68,False,False,False
296,makuhita,fighting,None,thick-fat,guts,sheer-force,72,60,30,20,30,25,False,False,False
297,hariyama,fighting,None,thick-fat,guts,sheer-force,144,120,60,40,60,50,False,False,False
298,azurill,normal,fairy,thick-fat,huge-power,sap-sipper,50,20,40,20,40,20,False,False,False
299,nosepass,rock,None,sturdy,magnet-pull,sand-force,30,45,135,45,90,30,False,False,False
300,skitty,normal,None,cute-charm,normalize,wonder-skin,50,45,45,35,35,50,False,False,False
301,delcatty,normal,None,cute-charm,normalize,wonder-skin,70,65,65,55,55,90,False,False,False
302,sableye,dark,ghost,keen-eye,stall,prankster,50,75,75,65,65,50,False,False,False
303,mawile,steel,fairy,hyper-cutter,intimidate,sheer-force,50,85,85,55,55,50,False,False,False
304,aron,steel,rock,sturdy,rock-head,heavy-metal,50,70,100,40,40,30,False,False,False
305,lairon,steel,rock,sturdy,rock-head,heavy-metal,60,90,140,50,50,40,False,False,False
306,aggron,steel,rock,sturdy,rock-head,heavy-metal,70,110,180,60,60,50,False,False,False
307,meditite,fighting,psychic,pure-power,,telepathy,30,40,55,40,55,60,False,False,False
308,medicham,fighting,psychic,pure-power,,telepathy,60,60,75,60,75,80,False,False,False
309,electrike,electric,None,static,lightning-rod,minus,40,45,40,65,40,65,False,False,False
310,manectric,electric,None,static,lightning-rod,minus,70,75,60,105,60,105,False,False,False
311,plusle,electric,None,plus,,lightning-rod,60,50,40,85,75,95,False,False,False
312,minun,electric,None,minus,,volt-absorb,60,40,50,75,85,95,False,False,False
313,volbeat,bug,None,illuminate,swarm,prankster,65,73,75,47,85,85,False,False,False
314,illumise,bug,None,oblivious,tinted-lens,prankster,65,47,75,73,85,85,False,False,False
315,roselia,grass,poison,natural-cure,poison-point,leaf-guard,50,60,45,100,80,65,False,False,False
316,gulpin,poison,None,liquid-ooze,sticky-hold,gluttony,70,43,53,43,53,40,False,False,False
317,swalot,poison,None,liquid-ooze,sticky-hold,gluttony,100,73,83,73,83,55,False,False,False
318,carvanha,water,dark,rough-skin,,speed-boost,45,90,20,65,20,65,False,False,False
319,sharpedo,water,dark,rough-skin,,speed-boost,70,120,40,95,40,95,False,False,False
320,wailmer,water,None,water-veil,oblivious,pressure,130,70,35,70,35,60,False,False,False
321,wailord,water,None,water-veil,oblivious,pressure,170,90,45,90,45,60,False,False,False
322,numel,fire,ground,oblivious,simple,own-tempo,60,60,40,65,45,35,False,False,False
323,camerupt,fire,ground,magma-armor,solid-rock,anger-point,70,100,70,105,75,40,False,False,False
324,torkoal,fire,None,white-smoke,drought,shell-armor,70,85,140,85,70,20,False,False,False
325,spoink,psychic,None,thick-fat,own-tempo,gluttony,60,25,35,70,80,60,False,False,False
326,grumpig,psychic,None,thick-fat,own-tempo,gluttony,80,45,65,90,110,80,False,False,False
327,spinda,normal,None,own-tempo,tangled-feet,contrary,60,60,60,60,60,60,False,False,False
328,trapinch,ground,None,hyper-cutter,arena-trap,sheer-force,45,100,45,45,45,10,False,False,False
329,vibrava,ground,dragon,levitate,,,50,70,50,50,50,70,False,False,False
330,flygon,ground,dragon,levitate,,,80,100,80,80,80,100,False,False,False
331,cacnea,grass,None,sand-veil,,water-absorb,50,85,40,85,40,35,False,False,False
332,cacturne,grass,dark,sand-veil,,water-absorb,70,115,60,115,60,55,False,False,False
333,swablu,normal,flying,natural-cure,,cloud-nine,45,40,60,40,75,50,False,False,False
334,altaria,dragon,flying,natural-cure,,cloud-nine,75,70,90,70,105,80,False,False,False
335,zangoose,normal,None,immunity,,toxic-boost,73,115,60,60,60,90,False,False,False
336,seviper,poison,None,shed-skin,,infiltrator,73,100,60,100,60,65,False,False,False
337,lunatone,rock,psychic,levitate,,,90,55,65,95,85,70,False,False,False
338,solrock,rock,psychic,levitate,,,90,95,85,55,65,70,False,False,False
339,barboach,water,ground,oblivious,anticipation,hydration,50,48,43,46,41,60,False,False,False
340,whiscash,water,ground,oblivious,anticipation,hydration,110,78,73,76,71,60,False,False,False
341,corphish,water,None,hyper-cutter,shell-armor,adaptability,43,80,65,50,35,35,False,False,False
342,crawdaunt,water,dark,hyper-cutter,shell-armor,adaptability,63,120,85,90,55,55,False,False,False
343,baltoy,ground,psychic,levitate,,,40,40,55,40,70,55,False,False,False
344,claydol,ground,psychic,levitate,,,60,70,105,70,120,75,False,False,False
345,lileep,rock,grass,suction-cups,,storm-drain,66,41,77,61,87,23,False,False,False
346,cradily,rock,grass,suction-cups,,storm-drain,86,81,97,81,107,43,False,False,False
347,anorith,rock,bug,battle-armor,,swift-swim,45,95,50,40,50,75,False,False,False
348,armaldo,rock,bug,battle-armor,,swift-swim,75,125,100,70,80,45,False,False,False
349,feebas,water,None,swift-swim,oblivious,adaptability,20,15,20,10,55,80,False,False,False
350,milotic,water,None,marvel-scale,competitive,cute-charm,95,60,79,100,125,81,False,False,False
351,castform,normal,None,forecast,,,70,70,70,70,70,70,False,False,False
352,kecleon,normal,None,color-change,,protean,60,90,70,60,120,40,False,False,False
353,shuppet,ghost,None,insomnia,frisk,cursed-body,44,75,35,63,33,45,False,False,False
354,banette,ghost,None,insomnia,frisk,cursed-body,64,115,65,83,63,65,False,False,False
355,duskull,ghost,None,levitate,,frisk,20,40,90,30,90,25,False,False,False
356,dusclops,ghost,None,pressure,,frisk,40,70,130,60,130,25,False,False,False
357,tropius,grass,flying,chlorophyll,solar-power,harvest,99,68,83,72,87,51,False,False,False
358,chimecho,psychic,None,levitate,,,75,50,80,95,90,65,False,False,False
359,absol,dark,None,pressure,super-luck,justified,65,130,60,75,60,75,False,False,False
360,wynaut,psychic,None,shadow-tag,,telepathy,95,23,48,23,48,23,False,False,False
361,snorunt,ice,None,inner-focus,ice-body,moody,50,50,50,50,50,50,False,False,False
362,glalie,ice,None,inner-focus,ice-body,moody,80,80,80,80,80,80,False,False,False
363,spheal,ice,water,thick-fat,ice-body,oblivious,70,40,50,55,50,25,False,False,False
364,sealeo,ice,water,thick-fat,ice-body,oblivious,90,60,70,75,70,45,False,False,False
365,walrein,ice,water,thick-fat,ice-body,oblivious,110,80,90,95,90,65,False,False,False
366,clamperl,water,None,shell-armor,,rattled,35,64,85,74,55,32,False,False,False
367,huntail,water,None,swift-swim,,water-veil,55,104,105,94,75,52,False,False,False
368,gorebyss,water,None,swift-swim,,hydration,55,84,105,114,75,52,False,False,False
369,relicanth,water,rock,swift-swim,rock-head,sturdy,100,90,130,45,65,55,False,False,False
370,luvdisc,water,None,swift-swim,,hydration,43,30,55,40,65,97,False,False,False
371,bagon,dragon,None,rock-head,,sheer-force,45,75,60,40,30,50,False,False,False
372,shelgon,dragon,None,rock-head,,overcoat,65,95,100,60,50,50,False,False,False
373,salamence,dragon,flying,intimidate,,moxie,95,135,80,110,80,100,False,False,True
374,beldum,steel,psychic,clear-body,,light-metal,40,55,80,35,60,30,False,False,False
375,metang,steel,psychic,clear-body,,light-metal,60,75,100,55,80,50,False,False,False
376,metagross,steel,psychic,clear-body,,light-metal,80,135,130,95,90,70,False,False,True
377,regirock,rock,None,clear-body,,sturdy,80,100,200,50,100,50,True,False,False
378,regice,ice,None,clear-body,,ice-body,80,50,100,100,200,50,True,False,False
379,registeel,steel,None,clear-body,,light-metal,80,75,150,75,150,50,True,False,False
380,latias,dragon,psychic,levitate,,,80,80,90,110,130,110,True,False,False
381,latios,dragon,psychic,levitate,,,80,90,80,130,110,110,True,False,False
382,kyogre,water,None,drizzle,,,100,100,90,150,140,90,True,False,False
383,groudon,ground,None,drought,,,100,150,140,100,90,90,True,False,False
384,rayquaza,dragon,flying,air-lock,,,105,150,90,150,90,95,True,False,False
385,jirachi,steel,psychic,serene-grace,,,100,100,100,100,100,100,False,True,False
386,deoxys-normal,psychic,None,pressure,,,50,150,50,150,50,150,False,True,False
387,turtwig,grass,None,overgrow,,shell-armor,55,68,64,45,55,31,False,False,False
388,grotle,grass,None,overgrow,,shell-armor,75,89,85,55,65,36,False,False,False
389,torterra,grass,ground,overgrow,,shell-armor,95,109,105,75,85,56,False,False,False
390,chimchar,fire,None,blaze,,iron-fist,44,58,44,58,44,61,False,False,False
391,monferno,fire,fighting,blaze,,iron-fist,64,78,52,78,52,81,False,False,False
392,infernape,fire,fighting,blaze,,iron-fist,76,104,71,104,71,108,False,False,False
393,piplup,water,None,torrent,,defiant,53,51,53,61,56,40,False,False,False
394,prinplup,water,None,torrent,,defiant,64,66,68,81,76,50,False,False,False
395,empoleon,water,steel,torrent,,defiant,84,86,88,111,101,60,False,False,False
396,starly,normal,flying,keen-eye,,reckless,40,55,30,30,30,60,False,False,False
397,staravia,normal,flying,intimidate,,reckless,55,75,50,40,40,80,False,False,False
398,staraptor,normal,flying,intimidate,,reckless,85,120,70,50,60,100,False,False,False
399,bidoof,normal,None,simple,unaware,moody,59,45,40,35,40,31,False,False,False
400,bibarel,normal,water,simple,unaware,moody,79,85,60,55,60,71,False,False,False
401,kricketot,bug,None,shed-skin,,run-away,37,25,41,25,41,25,False,False,False
402,kricketune,bug,None,swarm,,technician,77,85,51,55,51,65,False,False,False
403,shinx,electric,None,rivalry,intimidate,guts,45,65,34,40,34,45,False,False,False
404,luxio,electric,None,rivalry,intimidate,guts,60,85,49,60,49,60,False,False,False
405,luxray,electric,None,rivalry,intimidate,guts,80,120,79,95,79,70,False,False,False
406,budew,grass,poison,natural-cure,poison-point,leaf-guard,40,30,35,50,70,55,False,False,False
407,roserade,grass,poison,natural-cure,poison-point,technician,60,70,65,125,105,90,False,False,False
408,cranidos,rock,None,mold-breaker,,sheer-force,67,125,40,30,30,58,False,False,False
409,rampardos,rock,None,mold-breaker,,sheer-force,97,165,60,65,50,58,False,False,False
410,shieldon,rock,steel,sturdy,,soundproof,30,42,118,42,88,30,False,False,False
411,bastiodon,rock,steel,sturdy,,soundproof,60,52,168,47,138,30,False,False,False
412,burmy,bug,None,shed-skin,,overcoat,40,29,45,29,45,36,False,False,False
413,wormadam-plant,bug,grass,anticipation,,overcoat,60,59,85,79,105,36,False,False,False
414,mothim,bug,flying,swarm,,tinted-lens,70,94,50,94,50,66,False,False,False
415,combee,bug,flying,honey-gather,,hustle,30,30,42,30,42,70,False,False,False
416,vespiquen,bug,flying,pressure,,unnerve,70,80,102,80,102,40,False,False,False
417,pachirisu,electric,None,run-away,pickup,volt-absorb,60,45,70,45,90,95,False,False,False
418,buizel,water,None,swift-swim,,water-veil,55,65,35,60,30,85,False,False,False
419,floatzel,water,None,swift-swim,,water-veil,85,105,55,85,50,115,False,False,False
420,cherubi,grass,None,chlorophyll,,,45,35,45,62,53,35,False,False,False
421,cherrim,grass,None,flower-gift,,,70,60,70,87,78,85,False,False,False
422,shellos,water,None,sticky-hold,storm-drain,sand-force,76,48,48,57,62,34,False,False,False
423,gastrodon,water,ground,sticky-hold,storm-drain,sand-force,111,83,68,92,82,39,False,False,False
424,ambipom,normal,None,technician,pickup,skill-link,75,100,66,60,66,115,False,False,False
425,drifloon,ghost,flying,aftermath,unburden,flare-boost,90,50,34,60,44,70,False,False,False
426,drifblim,ghost,flying,aftermath,unburden,flare-boost,150,80,44,90,54,80,False,False,False
427,buneary,normal,None,run-away,klutz,limber,55,66,44,44,56,85,False,False,False
428,lopunny,normal,None,cute-charm,klutz,limber,65,76,84,54,96,105,False,False,False
429,mismagius,ghost,None,levitate,,,60,60,60,105,105,105,False,False,False
430,honchkrow,dark,flying,insomnia,super-luck,moxie,100,125,52,105,52,71,False,False,False
431,glameow,normal,None,limber,own-tempo,keen-eye,49,55,42,42,37,85,False,False,False
432,purugly,normal,None,thick-fat,own-tempo,defiant,71,82,64,64,59,112,False,False,False
433,chingling,psychic,None,levitate,,,45,30,50,65,50,45,False,False,False
434,stunky,poison,dark,stench,aftermath,keen-eye,63,63,47,41,41,74,False,False,False
435,skuntank,poison,dark,stench,aftermath,keen-eye,103,93,67,71,61,84,False,False,False
436,bronzor,steel,psychic,levitate,heatproof,heavy-metal,57,24,86,24,86,23,False,False,False
437,bronzong,steel,psychic,levitate,heatproof,heavy-metal,67,89,116,79,116,33,False,False,False
438,bonsly,rock,None,sturdy,rock-head,rattled,50,80,95,10,45,10,False,False,False
439,mime-jr,psychic,fairy,soundproof,filter,technician,20,25,45,70,90,60,False,False,False
440,happiny,normal,None,natural-cure,serene-grace,friend-guard,100,5,5,15,65,30,False,False,False
441,chatot,normal,flying,keen-eye,tangled-feet,big-pecks,76,65,45,92,42,91,False,False,False
442,spiritomb,ghost,dark,pressure,,infiltrator,50,92,108,92,108,35,False,False,False
443,gible,dragon,ground,sand-veil,,rough-skin,58,70,45,40,45,42,False,False,False
444,gabite,dragon,ground,sand-veil,,rough-skin,68,90,65,50,55,82,False,False,False
445,garchomp,dragon,ground,sand-veil,,rough-skin,108,130,95,80,85,102,False,False,True
446,munchlax,normal,None,pickup,thick-fat,gluttony,135,85,40,40,85,5,False,False,False
447,riolu,fighting,None,steadfast,inner-focus,prankster,40,70,40,35,40,60,False,False,False
448,lucario,fighting,steel,steadfast,inner-focus,justified,70,110,70,115,70,90,False,False,False
449,hippopotas,ground,None,sand-stream,,sand-force,68,72,78,38,42,32,False,False,False
450,hippowdon,ground,None,sand-stream,,sand-force,108,112,118,68,72,47,False,False,False
451,skorupi,poison,bug,battle-armor,sniper,keen-eye,40,50,90,30,55,65,False,False,False
452,drapion,poison,dark,battle-armor,sniper,keen-eye,70,90,110,60,75,95,False,False,False
453,croagunk,poison,fighting,anticipation,dry-skin,poison-touch,48,61,40,61,40,50,False,False,False
454,toxicroak,poison,fighting,anticipation,dry-skin,poison-touch,83,106,65,86,65,85,False,False,False
455,carnivine,grass,None,levitate,,,74,100,72,90,72,46,False,False,False
456,finneon,water,None,swift-swim,storm-drain,water-veil,49,49,56,49,61,66,False,False,False
457,lumineon,water,None,swift-swim,storm-drain,water-veil,69,69,76,69,86,91,False,False,False
458,mantyke,water,flying,swift-swim,water-absorb,water-veil,45,20,50,60,120,50,False,False,False
459,snover,grass,ice,snow-warning,,soundproof,60,62,50,62,60,40,False,False,False
460,abomasnow,grass,ice,snow-warning,,soundproof,90,92,75,92,85,60,False,False,False
461,weavile,dark,ice,pressure,,pickpocket,70,120,65,45,85,125,False,False,False
462,magnezone,electric,steel,magnet-pull,sturdy,analytic,70,70,115,130,90,60,False,False,False
463,lickilicky,normal,None,own-tempo,oblivious,cloud-nine,110,85,95,80,95,50,False,False,False
464,rhyperior,ground,rock,lightning-rod,solid-rock,reckless,115,140,130,55,55,40,False,False,False
465,tangrowth,grass,None,chlorophyll,leaf-guard,regenerator,100,100,125,110,50,50,False,False,False
466,electivire,electric,None,motor-drive,,vital-spirit,75,123,67,95,85,95,False,False,False
467,magmortar,fire,None,flame-body,,vital-spirit,75,95,67,125,95,83,False,False,False
468,togekiss,fairy,flying,hustle,serene-grace,super-luck,85,50,95,120,115,80,False,False,False
469,yanmega,bug,flying,speed-boost,tinted-lens,frisk,86,76,86,116,56,95,False,False,False
470,leafeon,grass,None,leaf-guard,,chlorophyll,65,110,130,60,65,95,False,False,False
471,glaceon,ice,None,snow-cloak,,ice-body,65,60,110,130,95,65,False,False,False
472,gliscor,ground,flying,hyper-cutter,sand-veil,poison-heal,75,95,125,45,75,95,False,False,False
473,mamoswine,ice,ground,oblivious,snow-cloak,thick-fat,110,130,80,70,60,80,False,False,False
474,porygon-z,normal,None,adaptability,download,analytic,85,80,70,135,75,90,False,False,False
475,gallade,psychic,fighting,steadfast,,justified,68,125,65,65,115,80,False,False,False
476,probopass,rock,steel,sturdy,magnet-pull,sand-force,60,55,145,75,150,40,False,False,False
477,dusknoir,ghost,None,pressure,,frisk,45,100,135,65,135,45,False,False,False
478,froslass,ice,ghost,snow-cloak,,cursed-body,70,80,70,80,70,110,False,False,False
479,rotom,electric,ghost,levitate,,,50,50,77,95,77,91,False,False,False
480,uxie,psychic,None,levitate,,,75,75,130,75,130,95,True,False,False
481,mesprit,psychic,None,levitate,,,80,105,105,105,105,80,True,False,False
482,azelf,psychic,None,levitate,,,75,125,70,125,70,115,True,False,False
483,dialga,steel,dragon,pressure,,telepathy,100,120,120,150,100,90,True,False,False
484,palkia,water,dragon,pressure,,telepathy,90,120,100,150,120,100,True,False,False
485,heatran,fire,steel,flash-fire,,flame-body,91,90,106,130,106,77,True,False,False
486,regigigas,normal,None,slow-start,,,110,160,110,80,110,100,True,False,False
487,giratina-altered,ghost,dragon,pressure,,telepathy,150,100,120,100,120,90,True,False,False
488,cresselia,psychic,None,levitate,,,120,70,120,75,130,85,True,False,False
489,phione,water,None,hydration,,,80,80,80,80,80,80,False,True,False
490,manaphy,water,None,hydration,,,100,100,100,100,100,100,False,True,False
491,darkrai,dark,None,bad-dreams,,,70,90,90,135,90,125,False,True,False
492,shaymin-land,grass,None,natural-cure,,,100,100,100,100,100,100,False,True,False
493,arceus,normal,None,multitype,,,120,120,120,120,120,120,False,True,False
494,victini,psychic,fire,victory-star,,,100,100,100,100,100,100,False,True,False
495,snivy,grass,None,overgrow,,contrary,45,45,55,45,55,63,False,False,False
496,servine,grass,None,overgrow,,contrary,60,60,75,60,75,83,False,False,False
497,serperior,grass,None,overgrow,,contrary,75,75,95,75,95,113,False,False,False
498,tepig,fire,None,blaze,,thick-fat,65,63,45,45,45,45,False,False,False
499,pignite,fire,fighting,blaze,,thick-fat,90,93,55,70,55,55,False,False,False
500,emboar,fire,fighting,blaze,,reckless,110,123,65,100,65,65,False,False,False
501,oshawott,water,None,torrent,,shell-armor,55,55,45,63,45,45,False,False,False
502,dewott,water,None,torrent,,shell-armor,75,75,60,83,60,60,False,False,False
503,samurott,water,None,torrent,,shell-armor,95,100,85,108,70,70,False,False,False
504,patrat,normal,None,run-away,keen-eye,analytic,45,55,39,35,39,42,False,False,False
505,watchog,normal,None,illuminate,keen-eye,analytic,60,85,69,60,69,77,False,False,False
506,lillipup,normal,None,vital-spirit,pickup,run-away,45,60,45,25,45,55,False,False,False
507,herdier,normal,None,intimidate,sand-rush,scrappy,65,80,65,35,65,60,False,False,False
508,stoutland,normal,None,intimidate,sand-rush,scrappy,85,110,90,45,90,80,False,False,False
509,purrloin,dark,None,limber,unburden,prankster,41,50,37,50,37,66,False,False,False
510,liepard,dark,None,limber,unburden,prankster,64,88,50,88,50,106,False,False,False
511,pansage,grass,None,gluttony,,overgrow,50,53,48,53,48,64,False,False,False
512,simisage,grass,None,gluttony,,overgrow,75,98,63,98,63,101,False,False,False
513,pansear,fire,None,gluttony,,blaze,50,53,48,53,48,64,False,False,False
514,simisear,fire,None,gluttony,,blaze,75,98,63,98,63,101,False,False,False
515,panpour,water,None,gluttony,,torrent,50,53,48,53,48,64,False,False,False
516,simipour,water,None,gluttony,,torrent,75,98,63,98,63,101,False,False,False
517,munna,psychic,None,forewarn,synchronize,telepathy,76,25,45,67,55,24,False,False,False
518,musharna,psychic,None,forewarn,synchronize,telepathy,116,55,85,107,95,29,False,False,False
519,pidove,normal,flying,big-pecks,super-luck,rivalry,50,55,50,36,30,43,False,False,False
520,tranquill,normal,flying,big-pecks,super-luck,rivalry,62,77,62,50,42,65,False,False,False
521,unfezant,normal,flying,big-pecks,super-luck,rivalry,80,115,80,65,55,93,False,False,False
522,blitzle,electric,None,lightning-rod,motor-drive,sap-sipper,45,60,32,50,32,76,False,False,False
523,zebstrika,electric,None,lightning-rod,motor-drive,sap-sipper,75,100,63,80,63,116,False,False,False
524,roggenrola,rock,None,sturdy,weak-armor,sand-force,55,75,85,25,25,15,False,False,False
525,boldore,rock,None,sturdy,weak-armor,sand-force,70,105,105,50,40,20,False,False,False
526,gigalith,rock,None,sturdy,sand-stream,sand-force,85,135,130,60,80,25,False,False,False
527,woobat,psychic,flying,unaware,klutz,simple,65,45,43,55,43,72,False,False,False
528,swoobat,psychic,flying,unaware,klutz,simple,67,57,55,77,55,114,False,False,False
529,drilbur,ground,None,sand-rush,sand-force,mold-breaker,60,85,40,30,45,68,False,False,False
530,excadrill,ground,steel,sand-rush,sand-force,mold-breaker,110,135,60,50,65,88,False,False,False
531,audino,normal,None,healer,regenerator,klutz,103,60,86,60,86,50,False,False,False
532,timburr,fighting,None,guts,sheer-force,iron-fist,75,80,55,25,35,35,False,False,False
533,gurdurr,fighting,None,guts,sheer-force,iron-fist,85,105,85,40,50,40,False,False,False
534,conkeldurr,fighting,None,guts,sheer-force,iron-fist,105,140,95,55,65,45,False,False,False
535,tympole,water,None,swift-swim,hydration,water-absorb,50,50,40,50,40,64,False,False,False
536,palpitoad,water,ground,swift-swim,hydration,water-absorb,75,65,55,65,55,69,False,False,False
537,seismitoad,water,ground,swift-swim,poison-touch,water-absorb,105,95,75,85,75,74,False,False,False
538,throh,fighting,None,guts,inner-focus,mold-breaker,120,100,85,30,85,45,False,False,False
539,sawk,fighting,None,sturdy,inner-focus,mold-breaker,75,125,75,30,75,85,False,False,False
540,sewaddle,bug,grass,swarm,chlorophyll,overcoat,45,53,70,40,60,42,False,False,False
541,swadloon,bug,grass,leaf-guard,chlorophyll,overcoat,55,63,90,50,80,42,False,False,False
542,leavanny,bug,grass,swarm,chlorophyll,overcoat,75,103,80,70,80,92,False,False,False
543,venipede,bug,poison,poison-point,swarm,speed-boost,30,45,59,30,39,57,False,False,False
544,whirlipede,bug,poison,poison-point,swarm,speed-boost,40,55,99,40,79,47,False,False,False
545,scolipede,bug,poison,poison-point,swarm,speed-boost,60,100,89,55,69,112,False,False,False
546,cottonee,grass,fairy,prankster,infiltrator,chlorophyll,40,27,60,37,50,66,False,False,False
547,whimsicott,grass,fairy,prankster,infiltrator,chlorophyll,60,67,85,77,75,116,False,False,False
548,petilil,grass,None,chlorophyll,own-tempo,leaf-guard,45,35,50,70,50,30,False,False,False
549,lilligant,grass,None,chlorophyll,own-tempo,leaf-guard,70,60,75,110,75,90,False,False,False
550,basculin-red-striped,water,None,reckless,adaptability,mold-breaker,70,92,65,80,55,98,False,False,False
551,sandile,ground,dark,intimidate,moxie,anger-point,50,72,35,35,35,65,False,False,False
552,krokorok,ground,dark,intimidate,moxie,anger-point,60,82,45,45,45,74,False,False,False
553,krookodile,ground,dark,intimidate,moxie,anger-point,95,117,80,65,70,92,False,False,False
554,darumaka,fire,None,hustle,,inner-focus,70,90,45,15,45,50,False,False,False
555,darmanitan-standard,fire,None,sheer-force,,zen-mode,105,140,55,30,55,95,False,False,False
556,maractus,grass,None,water-absorb,chlorophyll,storm-drain,75,86,67,106,67,60,False,False,False
557,dwebble,bug,rock,sturdy,shell-armor,weak-armor,50,65,85,35,35,55,False,False,False
558,crustle,bug,rock,sturdy,shell-armor,weak-armor,70,105,125,65,75,45,False,False,False
559,scraggy,dark,fighting,shed-skin,moxie,intimidate,50,75,70,35,70,48,False,False,False
560,scrafty,dark,fighting,shed-skin,moxie,intimidate,65,90,115,45,115,58,False,False,False
561,sigilyph,psychic,flying,wonder-skin,magic-guard,tinted-lens,72,58,80,103,80,97,False,False,False
562,yamask,ghost,None,mummy,,,38,30,85,55,65,30,False,False,False
563,cofagrigus,ghost,None,mummy,,,58,50,145,95,105,30,False,False,False
564,tirtouga,water,rock,solid-rock,sturdy,swift-swim,54,78,103,53,45,22,False,False,False
565,carracosta,water,rock,solid-rock,sturdy,swift-swim,74,108,133,83,65,32,False,False,False
566,archen,rock,flying,defeatist,,,55,112,45,74,45,70,False,False,False
567,archeops,rock,flying,defeatist,,,75,140,65,112,65,110,False,False,False
568,trubbish,poison,None,stench,sticky-hold,aftermath,50,50,62,40,62,65,False,False,False
569,garbodor,poison,None,stench,weak-armor,aftermath,80,95,82,60,82,75,False,False,False
570,zorua,dark,None,illusion,,,40,65,40,80,40,65,False,False,False
571,zoroark,dark,None,illusion,,,60,105,60,120,60,105,False,False,False
572,minccino,normal,None,cute-charm,technician,skill-link,55,50,40,40,40,75,False,False,False
573,cinccino,normal,None,cute-charm,technician,skill-link,75,95,60,65,60,115,False,False,False
574,gothita,psychic,None,frisk,competitive,shadow-tag,45,30,50,55,65,45,False,False,False
575,gothorita,psychic,None,frisk,competitive,shadow-tag,60,45,70,75,85,55,False,False,False
576,gothitelle,psychic,None,frisk,competitive,shadow-tag,70,55,95,95,110,65,False,False,False
577,solosis,psychic,None,overcoat,magic-guard,regenerator,45,30,40,105,50,20,False,False,False
578,duosion,psychic,None,overcoat,magic-guard,regenerator,65,40,50,125,60,30,False,False,False
579,reuniclus,psychic,None,overcoat,magic-guard,regenerator,110,65,75,125,85,30,False,False,False
580,ducklett,water,flying,keen-eye,big-pecks,hydration,62,44,50,44,50,55,False,False,False
581,swanna,water,flying,keen-eye,big-pecks,hydration,75,87,63,87,63,98,False,False,False
582,vanillite,ice,None,ice-body,snow-cloak,weak-armor,36,50,50,65,60,44,False,False,False
583,vanillish,ice,None,ice-body,snow-cloak,weak-armor,51,65,65,80,75,59,False,False,False
584,vanilluxe,ice,None,ice-body,snow-warning,weak-armor,71,95,85,110,95,79,False,False,False
585,deerling,normal,grass,chlorophyll,sap-sipper,serene-grace,60,60,50,40,50,75,False,False,False
586,sawsbuck,normal,grass,chlorophyll,sap-sipper,serene-grace,80,100,70,60,70,95,False,False,False
587,emolga,electric,flying,static,,motor-drive,55,75,60,75,60,103,False,False,False
588,karrablast,bug,None,swarm,shed-skin,no-guard,50,75,45,40,45,60,False,False,False
589,escavalier,bug,steel,swarm,shell-armor,overcoat,70,135,105,60,105,20,False,False,False
590,foongus,grass,poison,effect-spore,,regenerator,69,55,45,55,55,15,False,False,False
591,amoonguss,grass,poison,effect-spore,,regenerator,114,85,70,85,80,30,False,False,False
592,frillish,water,ghost,water-absorb,cursed-body,damp,55,40,50,65,85,40,False,False,False
593,jellicent,water,ghost,water-absorb,cursed-body,damp,100,60,70,85,105,60,False,False,False
594,alomomola,water,None,healer,hydration,regenerator,165,75,80,40,45,65,False,False,False
595,joltik,bug,electric,compound-eyes,unnerve,swarm,50,47,50,57,50,65,False,False,False
596,galvantula,bug,electric,compound-eyes,unnerve,swarm,70,77,60,97,60,108,False,False,False
597,ferroseed,grass,steel,iron-barbs,,,44,50,91,24,86,10,False,False,False
598,ferrothorn,grass,steel,iron-barbs,,anticipation,74,94,131,54,116,20,False,False,False
599,klink,steel,None,plus,minus,clear-body,40,55,70,45,60,30,False,False,False
600,klang,steel,None,plus,minus,clear-body,60,80,95,70,85,50,False,False,False
601,klinklang,steel,None,plus,minus,clear-body,60,100,115,70,85,90,False,False,False
602,tynamo,electric,None,levitate,,,35,55,40,45,40,60,False,False,False
603,eelektrik,electric,None,levitate,,,65,85,70,75,70,40,False,False,False
604,eelektross,electric,None,levitate,,,85,115,80,105,80,50,False,False,False
605,elgyem,psychic,None,telepathy,synchronize,analytic,55,55,55,85,55,30,False,False,False
606,beheeyem,psychic,None,telepathy,synchronize,analytic,75,75,75,125,95,40,False,False,False
607,litwick,ghost,fire,flash-fire,flame-body,infiltrator,50,30,55,65,55,20,False,False,False
608,lampent,ghost,fire,flash-fire,flame-body,infiltrator,60,40,60,95,60,55,False,False,False
609,chandelure,ghost,fire,flash-fire,flame-body,infiltrator,60,55,90,145,90,80,False,False,False
610,axew,dragon,None,rivalry,mold-breaker,unnerve,46,87,60,30,40,57,False,False,False
611,fraxure,dragon,None,rivalry,mold-breaker,unnerve,66,117,70,40,50,67,False,False,False
612,haxorus,dragon,None,rivalry,mold-breaker,unnerve,76,147,90,60,70,97,False,False,False
613,cubchoo,ice,None,snow-cloak,slush-rush,rattled,55,70,40,60,40,40,False,False,False
614,beartic,ice,None,snow-cloak,slush-rush,swift-swim,95,130,80,70,80,50,False,False,False
615,cryogonal,ice,None,levitate,,,80,50,50,95,135,105,False,False,False
616,shelmet,bug,None,hydration,shell-armor,overcoat,50,40,85,40,65,25,False,False,False
617,accelgor,bug,None,hydration,sticky-hold,unburden,80,70,40,100,60,145,False,False,False
618,stunfisk,ground,electric,static,limber,sand-veil,109,66,84,81,99,32,False,False,False
619,mienfoo,fighting,None,inner-focus,regenerator,reckless,45,85,50,55,50,65,False,False,False
620,mienshao,fighting,None,inner-focus,regenerator,reckless,65,125,60,95,60,105,False,False,False
621,druddigon,dragon,None,rough-skin,sheer-force,mold-breaker,77,120,90,60,90,48,False,False,False
622,golett,ground,ghost,iron-fist,klutz,no-guard,59,74,50,35,50,35,False,False,False
623,golurk,ground,ghost,iron-fist,klutz,no-guard,89,124,80,55,80,55,False,False,False
624,pawniard,dark,steel,defiant,inner-focus,pressure,45,85,70,40,40,60,False,False,False
625,bisharp,dark,steel,defiant,inner-focus,pressure,65,125,100,60,70,70,False,False,False
626,bouffalant,normal,None,reckless,sap-sipper,soundproof,95,110,95,40,95,55,False,False,False
627,rufflet,normal,flying,keen-eye,sheer-force,hustle,70,83,50,37,50,60,False,False,False
628,braviary,normal,flying,keen-eye,sheer-force,defiant,100,123,75,57,75,80,False,False,False
629,vullaby,dark,flying,big-pecks,overcoat,weak-armor,70,55,75,45,65,60,False,False,False
630,mandibuzz,dark,flying,big-pecks,overcoat,weak-armor,110,65,105,55,95,80,False,False,False
631,heatmor,fire,None,gluttony,flash-fire,white-smoke,85,97,66,105,66,65,False,False,False
632,durant,bug,steel,swarm,hustle,truant,58,109,112,48,48,109,False,False,False
633,deino,dark,dragon,hustle,,,52,65,50,45,50,38,False,False,False
634,zweilous,dark,dragon,hustle,,,72,85,70,65,70,58,False,False,False
635,hydreigon,dark,dragon,levitate,,,92,105,90,125,90,98,False,False,True
636,larvesta,bug,fire,flame-body,,swarm,55,85,55,50,55,60,False,False,False
637,volcarona,bug,fire,flame-body,,swarm,85,60,65,135,105,100,False,False,False
638,cobalion,steel,fighting,justified,,,91,90,129,90,72,108,True,False,False
639,terrakion,rock,fighting,justified,,,91,129,90,72,90,108,True,False,False
640,virizion,grass,fighting,justified,,,91,90,72,90,129,108,True,False,False
641,tornadus-incarnate,flying,None,prankster,,defiant,79,115,70,125,80,111,True,False,False
642,thundurus-incarnate,electric,flying,prankster,,defiant,79,115,70,125,80,111,True,False,False
643,reshiram,dragon,fire,turboblaze,,,100,120,100,150,120,90,True,False,False
644,zekrom,dragon,electric,teravolt,,,100,150,120,120,100,90,True,False,False
645,landorus-incarnate,ground,flying,sand-force,,sheer-force,89,125,90,115,80,101,True,False,False
646,kyurem,dragon,ice,pressure,,,125,130,90,130,90,95,True,False,False
647,keldeo-ordinary,water,fighting,justified,,,91,72,90,129,90,108,False,True,False
648,meloetta-aria,normal,psychic,serene-grace,,,100,77,77,128,128,90,False,True,False
649,genesect,bug,steel,download,,,71,120,95,120,95,99,False,True,False
650,chespin,grass,None,overgrow,,bulletproof,56,61,65,48,45,38,False,False,False
651,quilladin,grass,None,overgrow,,bulletproof,61,78,95,56,58,57,False,False,False
652,chesnaught,grass,fighting,overgrow,,bulletproof,88,107,122,74,75,64,False,False,False
653,fennekin,fire,None,blaze,,magician,40,45,40,62,60,60,False,False,False
654,braixen,fire,None,blaze,,magician,59,59,58,90,70,73,False,False,False
655,delphox,fire,psychic,blaze,,magician,75,69,72,114,100,104,False,False,False
656,froakie,water,None,torrent,,protean,41,56,40,62,44,71,False,False,False
657,frogadier,water,None,torrent,,protean,54,63,52,83,56,97,False,False,False
658,greninja,water,dark,torrent,,protean,72,95,67,103,71,122,False,False,False
659,bunnelby,normal,None,pickup,cheek-pouch,huge-power,38,36,38,32,36,57,False,False,False
660,diggersby,normal,ground,pickup,cheek-pouch,huge-power,85,56,77,50,77,78,False,False,False
661,fletchling,normal,flying,big-pecks,,gale-wings,45,50,43,40,38,62,False,False,False
662,fletchinder,fire,flying,flame-body,,gale-wings,62,73,55,56,52,84,False,False,False
663,talonflame,fire,flying,flame-body,,gale-wings,78,81,71,74,69,126,False,False,False
664,scatterbug,bug,None,shield-dust,compound-eyes,friend-guard,38,35,40,27,25,35,False,False,False
665,spewpa,bug,None,shed-skin,,friend-guard,45,22,60,27,30,29,False,False,False
666,vivillon,bug,flying,shield-dust,compound-eyes,friend-guard,80,52,50,90,50,89,False,False,False
667,litleo,fire,normal,rivalry,unnerve,moxie,62,50,58,73,54,72,False,False,False
668,pyroar,fire,normal,rivalry,unnerve,moxie,86,68,72,109,66,106,False,False,False
669,flabebe,fairy,None,flower-veil,,symbiosis,44,38,39,61,79,42,False,False,False
670,floette,fairy,None,flower-veil,,symbiosis,54,45,47,75,98,52,False,False,False
671,florges,fairy,None,flower-veil,,symbiosis,78,65,68,112,154,75,False,False,False
672,skiddo,grass,None,sap-sipper,,grass-pelt,66,65,48,62,57,52,False,False,False
673,gogoat,grass,None,sap-sipper,,grass-pelt,123,100,62,97,81,68,False,False,False
674,pancham,fighting,None,iron-fist,mold-breaker,scrappy,67,82,62,46,48,43,False,False,False
675,pangoro,fighting,dark,iron-fist,mold-breaker,scrappy,95,124,78,69,71,58,False,False,False
676,furfrou,normal,None,fur-coat,,,75,80,60,65,90,102,False,False,False
677,espurr,psychic,None,keen-eye,infiltrator,own-tempo,62,48,54,63,60,68,False,False,False
678,meowstic-male,psychic,None,keen-eye,infiltrator,prankster,74,48,76,83,81,104,False,False,False
679,honedge,steel,ghost,no-guard,,,45,80,100,35,37,28,False,False,False
680,doublade,steel,ghost,no-guard,,,59,110,150,45,49,35,False,False,False
681,aegislash-shield,steel,ghost,stance-change,,,60,50,140,50,140,60,False,False,False
682,spritzee,fairy,None,healer,,aroma-veil,78,52,60,63,65,23,False,False,False
683,aromatisse,fairy,None,healer,,aroma-veil,101,72,72,99,89,29,False,False,False
684,swirlix,fairy,None,sweet-veil,,unburden,62,48,66,59,57,49,False,False,False
685,slurpuff,fairy,None,sweet-veil,,unburden,82,80,86,85,75,72,False,False,False
686,inkay,dark,psychic,contrary,suction-cups,infiltrator,53,54,53,37,46,45,False,False,False
687,malamar,dark,psychic,contrary,suction-cups,infiltrator,86,92,88,68,75,73,False,False,False
688,binacle,rock,water,tough-claws,sniper,pickpocket,42,52,67,39,56,50,False,False,False
689,barbaracle,rock,water,tough-claws,sniper,pickpocket,72,105,115,54,86,68,False,False,False
690,skrelp,poison,water,poison-point,poison-touch,adaptability,50,60,60,60,60,30,False,False,False
691,dragalge,poison,dragon,poison-point,poison-touch,adaptability,65,75,90,97,123,44,False,False,False
692,clauncher,water,None,mega-launcher,,,50,53,62,58,63,44,False,False,False
693,clawitzer,water,None,mega-launcher,,,71,73,88,120,89,59,False,False,False
694,helioptile,electric,normal,dry-skin,sand-veil,solar-power,44,38,33,61,43,70,False,False,False
695,heliolisk,electric,normal,dry-skin,sand-veil,solar-power,62,55,52,109,94,109,False,False,False
696,tyrunt,rock,dragon,strong-jaw,,sturdy,58,89,77,45,45,48,False,False,False
697,tyrantrum,rock,dragon,strong-jaw,,rock-head,82,121,119,69,59,71,False,False,False
698,amaura,rock,ice,refrigerate,,snow-warning,77,59,50,67,63,46,False,False,False
699,aurorus,rock,ice,refrigerate,,snow-warning,123,77,72,99,92,58,False,False,False
700,sylveon,fairy,None,cute-charm,,pixilate,95,65,65,110,130,60,False,False,False
701,hawlucha,fighting,flying,limber,unburden,mold-breaker,78,92,75,74,63,118,False,False,False
702,dedenne,electric,fairy,cheek-pouch,pickup,plus,67,58,57,81,67,101,False,False,False
703,carbink,rock,fairy,clear-body,,sturdy,50,50,150,50,150,50,False,False,False
704,goomy,dragon,None,sap-sipper,hydration,gooey,45,50,35,55,75,40,False,False,False
705,sliggoo,dragon,None,sap-sipper,hydration,gooey,68,75,53,83,113,60,False,False,False
706,goodra,dragon,None,sap-sipper,hydration,gooey,90,100,70,110,150,80,False,False,True
707,klefki,steel,fairy,prankster,,magician,57,80,91,80,87,75,False,False,False
708,phantump,ghost,grass,natural-cure,frisk,harvest,43,70,48,50,60,38,False,False,False
709,trevenant,ghost,grass,natural-cure,frisk,harvest,85,110,76,65,82,56,False,False,False
710,pumpkaboo-average,ghost,grass,pickup,frisk,insomnia,49,66,70,44,55,51,False,False,False
711,gourgeist-average,ghost,grass,pickup,frisk,insomnia,65,90,122,58,75,84,False,False,False
712,bergmite,ice,None,own-tempo,ice-body,sturdy,55,69,85,32,35,28,False,False,False
713,avalugg,ice,None,own-tempo,ice-body,sturdy,95,117,184,44,46,28,False,False,False
714,noibat,flying,dragon,frisk,infiltrator,telepathy,40,30,35,45,40,55,False,False,False
715,noivern,flying,dragon,frisk,infiltrator,telepathy,85,70,80,97,80,123,False,False,False
716,xerneas,fairy,None,fairy-aura,,,126,131,95,131,98,99,True,False,False
717,yveltal,dark,flying,dark-aura,,,126,131,95,131,98,99,True,False,False
718,zygarde-50,dragon,ground,aura-break,,,108,100,121,81,95,95,True,False,False
719,diancie,rock,fairy,clear-body,,,50,100,150,100,150,50,False,True,False
720,hoopa,psychic,ghost,magician,,,80,110,60,150,130,70,False,True,False
721,volcanion,fire,water,water-absorb,,,80,110,120,130,90,70,False,True,False
722,rowlet,grass,flying,overgrow,,long-reach,68,55,55,50,50,42,False,False,False
723,dartrix,grass,flying,overgrow,,long-reach,78,75,75,70,70,52,False,False,False
724,decidueye,grass,ghost,overgrow,,long-reach,78,107,75,100,100,70,False,False,False
725,litten,fire,None,blaze,,intimidate,45,65,40,60,40,70,False,False,False
726,torracat,fire,None,blaze,,intimidate,65,85,50,80,50,90,False,False,False
727,incineroar,fire,dark,blaze,,intimidate,95,115,90,80,90,60,False,False,False
728,popplio,water,None,torrent,,liquid-voice,50,54,54,66,56,40,False,False,False
729,brionne,water,None,torrent,,liquid-voice,60,69,69,91,81,50,False,False,False
730,primarina,water,fairy,torrent,,liquid-voice,80,74,74,126,116,60,False,False,False
731,pikipek,normal,flying,keen-eye,skill-link,pickup,35,75,30,30,30,65,False,False,False
732,trumbeak,normal,flying,keen-eye,skill-link,pickup,55,85,50,40,50,75,False,False,False
733,toucannon,normal,flying,keen-eye,skill-link,sheer-force,80,120,75,75,75,60,False,False,False
734,yungoos,normal,None,stakeout,strong-jaw,adaptability,48,70,30,30,30,45,False,False,False
735,gumshoos,normal,None,stakeout,strong-jaw,adaptability,88,110,60,55,60,45,False,False,False
736,grubbin,bug,None,swarm,,,47,62,45,55,45,46,False,False,False
737,charjabug,bug,electric,battery,,,57,82,95,55,75,36,False,False,False
738,vikavolt,bug,electric,levitate,,,77,70,90,145,75,43,False,False,False
739,crabrawler,fighting,None,hyper-cutter,iron-fist,anger-point,47,82,57,42,47,63,False,False,False
740,crabominable,fighting,ice,hyper-cutter,iron-fist,anger-point,97,132,77,62,67,43,False,False,False
741,oricorio-baile,fire,flying,dancer,,,75,70,70,98,70,93,False,False,False
742,cutiefly,bug,fairy,honey-gather,shield-dust,sweet-veil,40,45,40,55,40,84,False,False,False
743,ribombee,bug,fairy,honey-gather,shield-dust,sweet-veil,60,55,60,95,70,124,False,False,False
744,rockruff,rock,None,keen-eye,vital-spirit,steadfast,45,65,40,30,40,60,False,False,False
745,lycanroc-midday,rock,None,keen-eye,sand-rush,steadfast,75,115,65,55,65,112,False,False,False
746,wishiwashi-solo,water,None,schooling,,,45,20,20,25,25,40,False,False,False
747,mareanie,poison,water,merciless,limber,regenerator,50,53,62,43,52,45,False,False,False
748,toxapex,poison,water,merciless,limber,regenerator,50,63,152,53,142,35,False,False,False
749,mudbray,ground,None,own-tempo,stamina,inner-focus,70,100,70,45,55,45,False,False,False
750,mudsdale,ground,None,own-tempo,stamina,inner-focus,100,125,100,55,85,35,False,False,False
751,dewpider,water,bug,water-bubble,,water-absorb,38,40,52,40,72,27,False,False,False
752,araquanid,water,bug,water-bubble,,water-absorb,68,70,92,50,132,42,False,False,False
753,fomantis,grass,None,leaf-guard,,contrary,40,55,35,50,35,35,False,False,False
754,lurantis,grass,None,leaf-guard,,contrary,70,105,90,80,90,45,False,False,False
755,morelull,grass,fairy,illuminate,effect-spore,rain-dish,40,35,55,65,75,15,False,False,False
756,shiinotic,grass,fairy,illuminate,effect-spore,rain-dish,60,45,80,90,100,30,False,False,False
757,salandit,poison,fire,corrosion,,oblivious,48,44,40,71,40,77,False,False,False
758,salazzle,poison,fire,corrosion,,oblivious,68,64,60,111,60,117,False,False,False
759,stufful,normal,fighting,fluffy,klutz,cute-charm,70,75,50,45,50,50,False,False,False
760,bewear,normal,fighting,fluffy,klutz,unnerve,120,125,80,55,60,60,False,False,False
761,bounsweet,grass,None,leaf-guard,oblivious,sweet-veil,42,30,38,30,38,32,False,False,False
762,steenee,grass,None,leaf-guard,oblivious,sweet-veil,52,40,48,40,48,62,False,False,False
763,tsareena,grass,None,leaf-guard,queenly-majesty,sweet-veil,72,120,98,50,98,72,False,False,False
764,comfey,fairy,None,flower-veil,triage,natural-cure,51,52,90,82,110,100,False,False,False
765,oranguru,normal,psychic,inner-focus,telepathy,symbiosis,90,60,80,90,110,60,False,False,False
766,passimian,fighting,None,receiver,,defiant,100,120,90,40,60,80,False,False,False
767,wimpod,bug,water,wimp-out,,,25,35,40,20,30,80,False,False,False
768,golisopod,bug,water,emergency-exit,,,75,125,140,60,90,40,False,False,False
769,sandygast,ghost,ground,water-compaction,,sand-veil,55,55,80,70,45,15,False,False,False
770,palossand,ghost,ground,water-compaction,,sand-veil,85,75,110,100,75,35,False,False,False
771,pyukumuku,water,None,innards-out,,unaware,55,60,130,30,130,5,False,False,False
772,type-null,normal,None,battle-armor,,,95,95,95,95,95,59,False,False,False
773,silvally,normal,None,rks-system,,,95,95,95,95,95,95,False,False,False
774,minior-red-meteor,rock,flying,shields-down,,,60,60,100,60,100,60,False,False,False
775,komala,normal,None,comatose,,,65,115,65,75,95,65,False,False,False
776,turtonator,fire,dragon,shell-armor,,,60,78,135,91,85,36,False,False,False
777,togedemaru,electric,steel,iron-barbs,lightning-rod,sturdy,65,98,63,40,73,96,False,False,False
778,mimikyu-disguised,ghost,fairy,disguise,,,55,90,80,50,105,96,False,False,False
779,bruxish,water,psychic,dazzling,strong-jaw,wonder-skin,68,105,70,70,70,92,False,False,False
780,drampa,normal,dragon,berserk,sap-sipper,cloud-nine,78,60,85,135,91,36,False,False,False
781,dhelmise,ghost,grass,steelworker,,,70,131,100,86,90,40,False,False,False
782,jangmo-o,dragon,None,bulletproof,soundproof,overcoat,45,55,65,45,45,45,False,False,False
783,hakamo-o,dragon,fighting,bulletproof,soundproof,overcoat,55,75,90,65,70,65,False,False,False
784,kommo-o,dragon,fighting,bulletproof,soundproof,overcoat,75,110,125,100,105,85,False,False,True
785,tapu-koko,electric,fairy,electric-surge,,telepathy,70,115,85,95,75,130,True,False,False
786,tapu-lele,psychic,fairy,psychic-surge,,telepathy,70,85,75,130,115,95,True,False,False
787,tapu-bulu,grass,fairy,grassy-surge,,telepathy,70,130,115,85,95,75,True,False,False
788,tapu-fini,water,fairy,misty-surge,,telepathy,70,75,115,95,130,85,True,False,False
789,cosmog,psychic,None,unaware,,,43,29,31,29,31,37,True,False,False
790,cosmoem,psychic,None,sturdy,,,43,29,131,29,131,37,True,False,False
791,solgaleo,psychic,steel,full-metal-body,,,137,137,107,113,89,97,True,False,False
792,lunala,psychic,ghost,shadow-shield,,,137,113,89,137,107,97,True,False,False
793,nihilego,rock,poison,beast-boost,,,109,53,47,127,131,103,False,False,False
794,buzzwole,bug,fighting,beast-boost,,,107,139,139,53,53,79,False,False,False
795,pheromosa,bug,fighting,beast-boost,,,71,137,37,137,37,151,False,False,False
796,xurkitree,electric,None,beast-boost,,,83,89,71,173,71,83,False,False,False
797,celesteela,steel,flying,beast-boost,,,97,101,103,107,101,61,False,False,False
798,kartana,grass,steel,beast-boost,,,59,181,131,59,31,109,False,False,False
799,guzzlord,dark,dragon,beast-boost,,,223,101,53,97,53,43,False,False,False
800,necrozma,psychic,None,prism-armor,,,97,107,101,127,89,79,True,False,False
801,magearna,steel,fairy,soul-heart,,,80,95,115,130,115,65,False,True,False
802,marshadow,fighting,ghost,technician,,,90,125,80,90,90,125,False,True,False
803,poipole,poison,None,beast-boost,,,67,73,67,73,67,73,False,False,False
804,naganadel,poison,dragon,beast-boost,,,73,73,73,127,73,121,False,False,False
805,stakataka,rock,steel,beast-boost,,,61,131,211,53,101,13,False,False,False
806,blacephalon,fire,ghost,beast-boost,,,53,127,53,151,79,107,False,False,False
807,zeraora,electric,None,volt-absorb,,,88,112,75,102,80,143,False,True,False
808,meltan,steel,None,magnet-pull,,,46,65,65,55,35,34,False,True,False
809,melmetal,steel,None,iron-fist,,,135,143,143,80,65,34,False,True,False
810,grookey,grass,None,overgrow,,grassy-surge,50,65,50,40,40,65,False,False,False
811,thwackey,grass,None,overgrow,,grassy-surge,70,85,70,55,60,80,False,False,False
812,rillaboom,grass,None,overgrow,,grassy-surge,100,125,90,60,70,85,False,False,False
813,scorbunny,fire,None,blaze,,libero,50,71,40,40,40,69,False,False,False
814,raboot,fire,None,blaze,,libero,65,86,60,55,60,94,False,False,False
815,cinderace,fire,None,blaze,,libero,80,116,75,65,75,119,False,False,False
816,sobble,water,None,torrent,,sniper,50,40,40,70,40,70,False,False,False
817,drizzile,water,None,torrent,,sniper,65,60,55,95,55,90,False,False,False
818,inteleon,water,None,torrent,,sniper,70,85,65,125,65,120,False,False,False
819,skwovet,normal,None,cheek-pouch,,gluttony,70,55,55,35,35,25,False,False,False
820,greedent,normal,None,cheek-pouch,,gluttony,120,95,95,55,75,20,False,False,False
821,rookidee,flying,None,keen-eye,unnerve,big-pecks,38,47,35,33,35,57,False,False,False
822,corvisquire,flying,None,keen-eye,unnerve,big-pecks,68,67,55,43,55,77,False,False,False
823,corviknight,flying,steel,pressure,unnerve,mirror-armor,98,87,105,53,85,67,False,False,False
824,blipbug,bug,None,swarm,compound-eyes,telepathy,25,20,20,25,45,45,False,False,False
825,dottler,bug,psychic,swarm,compound-eyes,telepathy,50,35,80,50,90,30,False,False,False
826,orbeetle,bug,psychic,swarm,frisk,telepathy,60,45,110,80,120,90,False,False,False
827,nickit,dark,None,run-away,unburden,stakeout,40,28,28,47,52,50,False,False,False
828,thievul,dark,None,run-away,unburden,stakeout,70,58,58,87,92,90,False,False,False
829,gossifleur,grass,None,cotton-down,regenerator,effect-spore,40,40,60,40,60,10,False,False,False
830,eldegoss,grass,None,cotton-down,regenerator,effect-spore,60,50,90,80,120,60,False,False,False
831,wooloo,normal,None,fluffy,run-away,bulletproof,42,40,55,40,45,48,False,False,False
832,dubwool,normal,None,fluffy,steadfast,bulletproof,72,80,100,60,90,88,False,False,False
833,chewtle,water,None,strong-jaw,shell-armor,swift-swim,50,64,50,38,38,44,False,False,False
834,drednaw,water,rock,strong-jaw,shell-armor,swift-swim,90,115,90,48,68,74,False,False,False
835,yamper,electric,None,ball-fetch,,rattled,59,45,50,40,50,26,False,False,False
836,boltund,electric,None,strong-jaw,,competitive,69,90,60,90,60,121,False,False,False
837,rolycoly,rock,None,steam-engine,heatproof,flash-fire,30,40,50,40,50,30,False,False,False
838,carkol,rock,fire,steam-engine,flame-body,flash-fire,80,60,90,60,70,50,False,False,False
839,coalossal,rock,fire,steam-engine,flame-body,flash-fire,110,80,120,80,90,30,False,False,False
840,applin,grass,dragon,ripen,gluttony,bulletproof,40,40,80,40,40,20,False,False,False
841,flapple,grass,dragon,ripen,gluttony,hustle,70,110,80,95,60,70,False,False,False
842,appletun,grass,dragon,ripen,gluttony,thick-fat,110,85,80,100,80,30,False,False,False
843,silicobra,ground,None,sand-spit,shed-skin,sand-veil,52,57,75,35,50,46,False,False,False
844,sandaconda,ground,None,sand-spit,shed-skin,sand-veil,72,107,125,65,70,71,False,False,False
845,cramorant,flying,water,gulp-missile,,,70,85,55,85,95,85,False,False,False
846,arrokuda,water,None,swift-swim,,propeller-tail,41,63,40,40,30,66,False,False,False
847,barraskewda,water,None,swift-swim,,propeller-tail,61,123,60,60,50,136,False,False,False
848,toxel,electric,poison,rattled,static,klutz,40,38,35,54,35,40,False,False,False
849,toxtricity-amped,electric,poison,punk-rock,plus,technician,75,98,70,114,70,75,False,False,False
850,sizzlipede,fire,bug,flash-fire,white-smoke,flame-body,50,65,45,50,50,45,False,False,False
851,centiskorch,fire,bug,flash-fire,white-smoke,flame-body,100,115,65,90,90,65,False,False,False
852,clobbopus,fighting,None,limber,,technician,50,68,60,50,50,32,False,False,False
853,grapploct,fighting,None,limber,,technician,80,118,90,70,80,42,False,False,False
854,sinistea,ghost,None,weak-armor,,cursed-body,40,45,45,74,54,50,False,False,False
855,polteageist,ghost,None,weak-armor,,cursed-body,60,65,65,134,114,70,False,False,False
856,hatenna,psychic,None,healer,anticipation,magic-bounce,42,30,45,56,53,39,False,False,False
857,hattrem,psychic,None,healer,anticipation,magic-bounce,57,40,65,86,73,49,False,False,False
858,hatterene,psychic,fairy,healer,anticipation,magic-bounce,57,90,95,136,103,29,False,False,False
859,impidimp,dark,fairy,prankster,frisk,pickpocket,45,45,30,55,40,50,False,False,False
860,morgrem,dark,fairy,prankster,frisk,pickpocket,65,60,45,75,55,70,False,False,False
861,grimmsnarl,dark,fairy,prankster,frisk,pickpocket,95,120,65,95,75,60,False,False,False
862,obstagoon,dark,normal,reckless,guts,defiant,93,90,101,60,81,95,False,False,False
863,perrserker,steel,None,battle-armor,tough-claws,steely-spirit,70,110,100,50,60,50,False,False,False
864,cursola,ghost,None,weak-armor,,perish-body,60,95,50,145,130,30,False,False,False
865,sirfetchd,fighting,None,steadfast,,scrappy,62,135,95,68,82,65,False,False,False
866,mr-rime,ice,psychic,tangled-feet,screen-cleaner,ice-body,80,85,75,110,100,70,False,False,False
867,runerigus,ground,ghost,wandering-spirit,,,58,95,145,50,105,30,False,False,False
868,milcery,fairy,None,sweet-veil,,aroma-veil,45,40,40,50,61,34,False,False,False
869,alcremie,fairy,None,sweet-veil,,aroma-veil,65,60,75,110,121,64,False,False,False
870,falinks,fighting,None,battle-armor,,defiant,65,100,100,70,60,75,False,False,False
871,pincurchin,electric,None,lightning-rod,,electric-surge,48,101,95,91,85,15,False,False,False
872,snom,ice,bug,shield-dust,,ice-scales,30,25,35,45,30,20,False,False,False
873,frosmoth,ice,bug,shield-dust,,ice-scales,70,65,60,125,90,65,False,False,False
874,stonjourner,rock,None,power-spot,,,100,125,135,20,20,70,False,False,False
875,eiscue-ice,ice,None,ice-face,,,75,80,110,65,90,50,False,False,False
876,indeedee-male,psychic,normal,inner-focus,synchronize,psychic-surge,60,65,55,105,95,95,False,False,False
877,morpeko-full-belly,electric,dark,hunger-switch,,,58,95,58,70,58,97,False,False,False
878,cufant,steel,None,sheer-force,,heavy-metal,72,80,49,40,49,40,False,False,False
879,copperajah,steel,None,sheer-force,,heavy-metal,122,130,69,80,69,30,False,False,False
880,dracozolt,electric,dragon,volt-absorb,hustle,sand-rush,90,100,90,80,70,75,False,False,False
881,arctozolt,electric,ice,volt-absorb,static,slush-rush,90,100,90,90,80,55,False,False,False
882,dracovish,water,dragon,water-absorb,strong-jaw,sand-rush,90,90,100,70,80,75,False,False,False
883,arctovish,water,ice,water-absorb,ice-body,slush-rush,90,90,100,80,90,55,False,False,False
884,duraludon,steel,dragon,light-metal,heavy-metal,stalwart,70,95,115,120,50,85,False,False,False
885,dreepy,dragon,ghost,clear-body,infiltrator,cursed-body,28,60,30,40,30,82,False,False,False
886,drakloak,dragon,ghost,clear-body,infiltrator,cursed-body,68,80,50,60,50,102,False,False,False
887,dragapult,dragon,ghost,clear-body,infiltrator,cursed-body,88,120,75,100,75,142,False,False,True
888,zacian,fairy,None,intrepid-sword,,,92,130,115,80,115,138,True,False,False
889,zamazenta,fighting,None,dauntless-shield,,,92,130,115,80,115,138,True,False,False
890,eternatus,poison,dragon,pressure,,,140,85,95,145,95,130,True,False,False
891,kubfu,fighting,None,inner-focus,,,60,90,60,53,50,72,True,False,False
892,urshifu-single-strike,fighting,dark,unseen-fist,,,100,130,100,63,60,97,True,False,False
893,zarude,dark,grass,leaf-guard,,,105,120,105,70,95,105,False,True,False
894,regieleki,electric,None,transistor,,,80,100,50,100,50,200,True,False,False
895,regidrago,dragon,None,dragons-maw,,,200,100,50,100,50,80,True,False,False
896,glastrier,ice,None,chilling-neigh,,,100,145,130,65,110,30,True,False,False
897,spectrier,ghost,None,grim-neigh,,,100,65,60,145,80,130,True,False,False
898,calyrex,psychic,grass,unnerve,,,100,80,80,80,80,80,True,False,False
