,ID,Name,Type 1,Type 2,Ability 1,Ability 2,Hidden Ability,HP,Attack,Defense,Special Attack,Special Defense,Speed,Legendary,Mythical,Psuedo-Legendary
0,1,bulbasaur,grass,poison,overgrow,,chlorophyll,45,49,49,65,65,45,False,False,False
1,2,ivysaur,grass,poison,overgrow,,chlorophyll,60,62,63,80,80,60,False,False,False
2,3,venusaur,grass,poison,overgrow,,chlorophyll,80,82,83,100,100,80,False,False,False
3,4,charmander,fire,,blaze,,solar-power,39,52,43,60,50,65,False,False,False
4,5,charmeleon,fire,,blaze,,solar-power,58,64,58,80,65,80,False,False,False
5,6,charizard,fire,flying,blaze,,solar-power,78,84,78,109,85,100,False,False,False
6,7,squirtle,water,,torrent,,rain-dish,44,48,65,50,64,43,False,False,False
7,8,wartortle,water,,torrent,,rain-dish,59,63,80,65,80,58,False,False,False
8,9,blastoise,water,,torrent,,rain-dish,79,83,100,85,105,78,False,False,False
9,10,caterpie,bug,,shield-dust,,run-away,45,30,35,20,20,45,False,False,False
10,11,metapod,bug,,shed-skin,,,50,20,55,25,25,30,False,False,False
11,12,butterfree,bug,flying,compound-eyes,,tinted-lens,60,45,50,90,80,70,False,False,False
12,13,weedle,bug,poison,shield-dust,,run-away,40,35,30,20,20,50,False,False,False
13,14,kakuna,bug,poison,shed-skin,,,45,25,50,25,25,35,False,False,False
14,15,beedrill,bug,poison,swarm,,sniper,65,90,40,45,80,75,False,False,False
15,16,pidgey,normal,flying,keen-eye,tangled-feet,big-pecks,40,45,40,35,35,56,False,False,False
16,17,pidgeotto,normal,flying,keen-eye,tangled-feet,big-pecks,63,60,55,50,50,71,False,False,False
17,18,pidgeot,normal,flying,keen-eye,tangled-feet,big-pecks,83,80,75,70,70,101,False,False,False
18,19,rattata,normal,,run-away,guts,hustle,30,56,35,25,35,72,False,False,False
19,20,raticate,normal,,run-away,guts,hustle,55,81,60,50,70,97,False,False,False
20,21,spearow,normal,flying,keen-eye,,sniper,40,60,30,31,31,70,False,False,False
21,22,fearow,normal,flying,keen-eye,,sniper,65,90,65,61,61,100,False,False,False
22,23,ekans,poison,,intimidate,shed-skin,unnerve,35,60,44,40,54,55,False,False,False
23,24,arbok,poison,,intimidate,shed-skin,unnerve,60,95,69,65,79,80,False,False,False
24,25,pikachu,electric,,static,,lightning-rod,35,55,40,50,50,90,False,False,False
25,26,raichu,electric,,static,,lightning-rod,60,90,55,90,80,110,False,False,False
26,27,sandshrew,ground,,sand-veil,,sand-rush,50,75,85,20,30,40,False,False,False
27,28,sandslash,ground,,sand-veil,,sand-rush,75,100,110,45,55,65,False,False,False
28,29,nidoran-f,poison,,poison-point,rivalry,hustle,55,47,52,40,40,41,False,False,False
29,30,nidorina,poison,,poison-point,rivalry,hustle,70,62,67,55,55,56,False,False,False
30,31,nidoqueen,poison,ground,poison-point,rivalry,sheer-force,90,92,87,75,85,76,False,False,False
31,32,nidoran-m,poison,,poison-point,rivalry,hustle,46,57,40,40,40,50,False,False,False
32,33,nidorino,poison,,poison-point,rivalry,hustle,61,72,57,55,55,65,False,False,False
33,34,nidoking,poison,ground,poison-point,rivalry,sheer-force,81,102,77,85,75,85,False,False,False
34,35,clefairy,fairy,,cute-charm,magic-guard,friend-guard,70,45,48,60,65,35,False,False,False
35,36,clefable,fairy,,cute-charm,magic-guard,unaware,95,70,73,95,90,60,False,False,False
36,37,vulpix,fire,,flash-fire,,drought,38,41,40,50,65,65,False,False,False
37,38,ninetales,fire,,flash-fire,,drought,73,76,75,81,100,100,False,False,False
38,39,jigglypuff,normal,fairy,cute-charm,competitive,friend-guard,115,45,20,45,25,20,False,False,False
39,40,wigglytuff,normal,fairy,cute-charm,competitive,frisk,140,70,45,85,50,45,False,False,False
40,41,zubat,poison,flying,inner-focus,,infiltrator,40,45,35,30,40,55,False,False,False
41,42,golbat,poison,flying,inner-focus,,infiltrator,75,80,70,65,75,90,False,False,False
42,43,oddish,grass,poison,chlorophyll,,run-away,45,50,55,75,65,30,False,False,False
43,44,gloom,grass,poison,chlorophyll,,stench,60,65,70,85,75,40,False,False,False
44,45,vileplume,grass,poison,chlorophyll,,effect-spore,75,80,85,110,90,50,False,False,False
45,46,paras,bug,grass,effect-spore,dry-skin,damp,35,70,55,45,55,25,False,False,False
46,47,parasect,bug,grass,effect-spore,dry-skin,damp,60,95,80,60,80,30,False,False,False
47,48,venonat,bug,poison,compound-eyes,tinted-lens,run-away,60,55,50,40,55,45,False,False,False
48,49,venomoth,bug,poison,shield-dust,tinted-lens,wonder-skin,70,65,60,90,75,90,False,False,False
49,50,diglett,ground,,sand-veil,arena-trap,sand-force,10,55,25,35,45,95,False,False,False
50,51,dugtrio,ground,,sand-veil,arena-trap,sand-force,35,100,50,50,70,120,False,False,False
51,52,meowth,normal,,pickup,technician,unnerve,40,45,35,40,40,90,False,False,False
52,53,persian,normal,,limber,technician,unnerve,65,70,60,65,65,115,False,False,False
53,54,psyduck,water,,damp,cloud-nine,swift-swim,50,52,48,65,50,55,False,False,False
54,55,golduck,water,,damp,cloud-nine,swift-swim,80,82,78,95,80,85,False,False,False
55,56,mankey,fighting,,vital-spirit,anger-point,defiant,40,80,35,35,45,70,False,False,False
56,57,primeape,fighting,,vital-spirit,anger-point,defiant,65,105,60,60,70,95,False,False,False
57,58,growlithe,fire,,intimidate,flash-fire,justified,55,70,45,70,50,60,False,False,False
58,59,arcanine,fire,,intimidate,flash-fire,justified,90,110,80,100,80,95,False,False,False
59,60,poliwag,water,,water-absorb,damp,swift-swim,40,50,40,40,40,90,False,False,False
60,61,poliwhirl,water,,water-absorb,damp,swift-swim,65,65,65,50,50,90,False,False,False
61,62,poliwrath,water,fighting,water-absorb,damp,swift-swim,90,95,95,70,90,70,False,False,False
62,63,abra,psychic,,synchronize,inner-focus,magic-guard,25,20,15,105,55,90,False,False,False
63,64,kadabra,psychic,,synchronize,inner-focus,magic-guard,40,35,30,120,70,105,False,False,False
64,65,alakazam,psychic,,synchronize,inner-focus,magic-guard,55,50,45,135,95,120,False,False,False
65,66,machop,fighting,,guts,no-guard,steadfast,70,80,50,35,35,35,False,False,False
66,67,machoke,fighting,,guts,no-guard,steadfast,80,100,70,50,60,45,False,False,False
67,68,machamp,fighting,,guts,no-guard,steadfast,90,130,80,65,85,55,False,False,False
68,69,bellsprout,grass,poison,chlorophyll,,gluttony,50,75,35,70,30,40,False,False,False
69,70,weepinbell,grass,poison,chlorophyll,,gluttony,65,90,50,85,45,55,False,False,False
70,71,victreebel,grass,poison,chlorophyll,,gluttony,80,105,65,100,70,70,False,False,False
71,72,tentacool,water,poison,clear-body,liquid-ooze,rain-dish,40,40,35,50,100,70,False,False,False
72,73,tentacruel,water,poison,clear-body,liquid-ooze,rain-dish,80,70,65,80,120,100,False,False,False
73,74,geodude,rock,ground,rock-head,sturdy,sand-veil,40,80,100,30,30,20,False,False,False
74,75,graveler,rock,ground,rock-head,sturdy,sand-veil,55,95,115,45,45,35,False,False,False
75,76,golem,rock,ground,rock-head,sturdy,sand-veil,80,120,130,55,65,45,False,False,False
76,77,ponyta,fire,,run-away,flash-fire,flame-body,50,85,55,65,65,90,False,False,False
77,78,rapidash,fire,,run-away,flash-fire,flame-body,65,100,70,80,80,105,False,False,False
78,79,slowpoke,water,psychic,oblivious,own-tempo,regenerator,90,65,65,40,40,15,False,False,False
79,80,slowbro,water,psychic,oblivious,own-tempo,regenerator,95,75,110,100,80,30,False,False,False
80,81,magnemite,electric,steel,magnet-pull,sturdy,analytic,25,35,70,95,55,45,False,False,False
81,82,magneton,electric,steel,magnet-pull,sturdy,analytic,50,60,95,120,70,70,False,False,False
82,83,farfetchd,normal,flying,keen-eye,inner-focus,defiant,52,90,55,58,62,60,False,False,False
83,84,doduo,normal,flying,run-away,early-bird,tangled-feet,35,85,45,35,35,75,False,False,False
84,85,dodrio,normal,flying,run-away,early-bird,tangled-feet,60,110,70,60,60,110,False,False,False
85,86,seel,water,,thick-fat,hydration,ice-body,65,45,55,45,70,45,False,False,False
86,87,dewgong,water,ice,thick-fat,hydration,ice-body,90,70,80,70,95,70,False,False,False
87,88,grimer,poison,,stench,sticky-hold,poison-touch,80,80,50,40,50,25,False,False,False
88,89,muk,poison,,stench,sticky-hold,poison-touch,105,105,75,65,100,50,False,False,False
89,90,shellder,water,,shell-armor,skill-link,overcoat,30,65,100,45,25,40,False,False,False
90,91,cloyster,water,ice,shell-armor,skill-link,overcoat,50,95,180,85,45,70,False,False,False
91,92,gastly,ghost,poison,levitate,,,30,35,30,100,35,80,False,False,False
92,93,haunter,ghost,poison,levitate,,,45,50,45,115,55,95,False,False,False
93,94,gengar,ghost,poison,cursed-body,,,60,65,60,130,75,110,False,False,False
94,95,onix,rock,ground,rock-head,sturdy,weak-armor,35,45,160,30,45,70,False,False,False
95,96,drowzee,psychic,,insomnia,forewarn,inner-focus,60,48,45,43,90,42,False,False,False
96,97,hypno,psychic,,insomnia,forewarn,inner-focus,85,73,70,73,115,67,False,False,False
97,98,krabby,water,,hyper-cutter,shell-armor,sheer-force,30,105,90,25,25,50,False,False,False
98,99,kingler,water,,hyper-cutter,shell-armor,sheer-force,55,130,115,50,50,75,False,False,False
99,100,voltorb,electric,,soundproof,static,aftermath,40,30,50,55,55,100,False,False,False
100,101,electrode,electric,,soundproof,static,aftermath,60,50,70,80,80,150,False,False,False
101,102,exeggcute,grass,psychic,chlorophyll,,harvest,60,40,80,60,45,40,False,False,False
102,103,exeggutor,grass,psychic,chlorophyll,,harvest,95,95,85,125,75,55,False,False,False
103,104,cubone,ground,,rock-head,lightning-rod,battle-armor,50,50,95,40,50,35,False,False,False
104,105,marowak,ground,,rock-head,lightning-rod,battle-armor,60,80,110,50,80,45,False,False,False
105,106,hitmonlee,fighting,,limber,reckless,unburden,50,120,53,35,110,87,False,False,False
106,107,hitmonchan,fighting,,keen-eye,iron-fist,inner-focus,50,105,79,35,110,76,False,False,False
107,108,lickitung,normal,,own-tempo,oblivious,cloud-nine,90,55,75,60,75,30,False,False,False
108,109,koffing,poison,,levitate,neutralizing-gas,stench,40,65,95,60,45,35,False,False,False
109,110,weezing,poison,,levitate,neutralizing-gas,stench,65,90,120,85,70,60,False,False,False
110,111,rhyhorn,ground,rock,lightning-rod,rock-head,reckless,80,85,95,30,30,25,False,False,False
111,112,rhydon,ground,rock,lightning-rod,rock-head,reckless,105,130,120,45,45,40,False,False,False
112,113,chansey,normal,,natural-cure,serene-grace,healer,250,5,5,35,105,50,False,False,False
113,114,tangela,grass,,chlorophyll,leaf-guard,regenerator,65,55,115,100,40,60,False,False,False
114,115,kangaskhan,normal,,early-bird,scrappy,inner-focus,105,95,80,40,80,90,False,False,False
115,116,horsea,water,,swift-swim,sniper,damp,30,40,70,70,25,60,False,False,False
116,117,seadra,water,,poison-point,sniper,damp,55,65,95,95,45,85,False,False,False
117,118,goldeen,water,,swift-swim,water-veil,lightning-rod,45,67,60,35,50,63,False,False,False
118,119,seaking,water,,swift-swim,water-veil,lightning-rod,80,92,65,65,80,68,False,False,False
119,120,staryu,water,,illuminate,natural-cure,analytic,30,45,55,70,55,85,False,False,False
120,121,starmie,water,psychic,illuminate,natural-cure,analytic,60,75,85,100,85,115,False,False,False
121,122,mr-mime,psychic,fairy,soundproof,filter,technician,40,45,65,100,120,90,False,False,False
122,123,scyther,bug,flying,swarm,technician,steadfast,70,110,80,55,80,105,False,False,False
123,124,jynx,ice,psychic,oblivious,forewarn,dry-skin,65,50,35,115,95,95,False,False,False
124,125,electabuzz,electric,,static,,vital-spirit,65,83,57,95,85,105,False,False,False
125,126,magmar,fire,,flame-body,,vital-spirit,65,95,57,100,85,93,False,False,False
126,127,pinsir,bug,,hyper-cutter,mold-breaker,moxie,65,125,100,55,70,85,False,False,False
127,128,tauros,normal,,intimidate,anger-point,sheer-force,75,100,95,40,70,110,False,False,False
128,129,magikarp,water,,swift-swim,,rattled,20,10,55,15,20,80,False,False,False
129,130,gyarados,water,flying,intimidate,,moxie,95,125,79,60,100,81,False,False,False
130,131,lapras,water,ice,water-absorb,shell-armor,hydration,130,85,80,85,95,60,False,False,False
131,132,ditto,normal,,limber,,imposter,48,48,48,48,48,48,False,False,False
132,133,eevee,normal,,run-away,adaptability,anticipation,55,55,50,45,65,55,False,False,False
133,134,vaporeon,water,,water-absorb,,hydration,130,65,60,110,95,65,False,False,False
134,135,jolteon,electric,,volt-absorb,,quick-feet,65,65,60,110,95,130,False,False,False
135,136,flareon,fire,,flash-fire,,guts,65,130,60,95,110,65,False,False,False
136,137,porygon,normal,,trace,download,analytic,65,60,70,85,75,40,False,False,False
137,138,omanyte,rock,water,swift-swim,shell-armor,weak-armor,35,40,100,90,55,35,False,False,False
138,139,omastar,rock,water,swift-swim,shell-armor,weak-armor,70,60,125,115,70,55,False,False,False
139,140,kabuto,rock,water,swift-swim,battle-armor,weak-armor,30,80,90,55,45,55,False,False,False
140,141,kabutops,rock,water,swift-swim,battle-armor,weak-armor,60,115,105,65,70,80,False,False,False
141,142,aerodactyl,rock,flying,rock-head,pressure,unnerve,80,105,65,60,75,130,False,False,False
142,143,snorlax,normal,,immunity,thick-fat,gluttony,160,110,65,65,110,30,False,False,False
143,144,articuno,ice,flying,pressure,,snow-cloak,90,85,100,95,125,85,True,False,False
144,145,zapdos,electric,flying,pressure,,static,90,90,85,125,90,100,True,False,False
145,146,moltres,fire,flying,pressure,,flame-body,90,100,90,125,85,90,True,False,False
146,147,dratini,dragon,,shed-skin,,marvel-scale,41,64,45,50,50,50,False,False,False
147,148,dragonair,dragon,,shed-skin,,marvel-scale,61,84,65,70,70,70,False,False,False
148,149,dragonite,dragon,flying,inner-focus,,multiscale,91,134,95,100,100,80,False,False,True
149,150,mewtwo,psychic,,pressure,,unnerve,106,110,90,154,90,130,True,False,False
150,151,mew,psychic,,synchronize,,,100,100,100,100,100,100,False,True,False
151,152,chikorita,grass,,overgrow,,leaf-guard,45,49,65,49,65,45,False,False,False
152,153,bayleef,grass,,overgrow,,leaf-guard,60,62,80,63,80,60,False,False,False
153,154,meganium,grass,,overgrow,,leaf-guard,80,82,100,83,100,80,False,False,False
154,155,cyndaquil,fire,,blaze,,flash-fire,39,52,43,60,50,65,False,False,False
155,156,quilava,fire,,blaze,,flash-fire,58,64,58,80,65,80,False,False,False
156,157,typhlosion,fire,,blaze,,flash-fire,78,84,78,109,85,100,False,False,False
157,158,totodile,water,,torrent,,sheer-force,50,65,64,44,48,43,False,False,False
158,159,croconaw,water,,torrent,,sheer-force,65,80,80,59,63,58,False,False,False
159,160,feraligatr,water,,torrent,,sheer-force,85,105,100,79,83,78,False,False,False
160,161,sentret,normal,,run-away,keen-eye,frisk,35,46,34,35,45,20,False,False,False
161,162,furret,normal,,run-away,keen-eye,frisk,85,76,64,45,55,90,False,False,False
162,163,hoothoot,normal,flying,insomnia,keen-eye,tinted-lens,60,30,30,36,56,50,False,False,False
163,164,noctowl,normal,flying,insomnia,keen-eye,tinted-lens,100,50,50,86,96,70,False,False,False
164,165,ledyba,bug,flying,swarm,early-bird,rattled,40,20,30,40,80,55,False,False,False
165,166,ledian,bug,flying,swarm,early-bird,iron-fist,55,35,50,55,110,85,False,False,False
166,167,spinarak,bug,poison,swarm,insomnia,sniper,40,60,40,40,40,30,False,False,False
167,168,ariados,bug,poison,swarm,insomnia,sniper,70,90,70,60,70,40,False,False,False
168,169,crobat,poison,flying,inner-focus,,infiltrator,85,90,80,70,80,130,False,False,False
169,170,chinchou,water,electric,volt-absorb,illuminate,water-absorb,75,38,38,56,56,67,False,False,False
170,171,lanturn,water,electric,volt-absorb,illuminate,water-absorb,125,58,58,76,76,67,False,False,False
171,172,pichu,electric,,static,,lightning-rod,20,40,15,35,35,60,False,False,False
172,173,cleffa,fairy,,cute-charm,magic-guard,friend-guard,50,25,28,45,55,15,False,False,False
173,174,igglybuff,normal,fairy,cute-charm,competitive,friend-guard,90,30,15,40,20,15,False,False,False
174,175,togepi,fairy,,hustle,serene-grace,super-luck,35,20,65,40,65,20,False,False,False
175,176,togetic,fairy,flying,hustle,serene-grace,super-luck,55,40,85,80,105,40,False,False,False
176,177,natu,psychic,flying,synchronize,early-bird,magic-bounce,40,50,45,70,45,70,False,False,False
177,178,xatu,psychic,flying,synchronize,early-bird,magic-bounce,65,75,70,95,70,95,False,False,False
178,179,mareep,electric,,static,,plus,55,40,40,65,45,35,False,False,False
179,180,flaaffy,electric,,static,,plus,70,55,55,80,60,45,False,False,False
180,181,ampharos,electric,,static,,plus,90,75,85,115,90,55,False,False,False
181,182,bellossom,grass,,chlorophyll,,healer,75,80,95,90,100,50,False,False,False
182,183,marill,water,fairy,thick-fat,huge-power,sap-sipper,70,20,50,20,50,40,False,False,False
183,184,azumarill,water,fairy,thick-fat,huge-power,sap-sipper,100,50,80,60,80,50,False,False,False
184,185,sudowoodo,rock,,sturdy,rock-head,rattled,70,100,115,30,65,30,False,False,False
185,186,politoed,water,,water-absorb,damp,drizzle,90,75,75,90,100,70,False,False,False
186,187,hoppip,grass,flying,chlorophyll,leaf-guard,infiltrator,35,35,40,35,55,50,False,False,False
187,188,skiploom,grass,flying,chlorophyll,leaf-guard,infiltrator,55,45,50,45,65,80,False,False,False
188,189,jumpluff,grass,flying,chlorophyll,leaf-guard,infiltrator,75,55,70,55,95,110,False,False,False
189,190,aipom,normal,,run-away,pickup,skill-link,55,70,55,40,55,85,False,False,False
190,191,sunkern,grass,,chlorophyll,solar-power,early-bird,30,30,30,30,30,30,False,False,False
191,192,sunflora,grass,,chlorophyll,solar-power,early-bird,75,75,55,105,85,30,False,False,False
192,193,yanma,bug,flying,speed-boost,compound-eyes,frisk,65,65,45,75,45,95,False,False,False
193,194,wooper,water,ground,damp,water-absorb,unaware,55,45,45,25,25,15,False,False,False
194,195,quagsire,water,ground,damp,water-absorb,unaware,95,85,85,65,65,35,False,False,False
195,196,espeon,psychic,,synchronize,,magic-bounce,65,65,60,130,95,110,False,False,False
196,197,umbreon,dark,,synchronize,,inner-focus,95,65,110,60,130,65,False,False,False
197,198,murkrow,dark,flying,insomnia,super-luck,prankster,60,85,42,85,42,91,False,False,False
198,199,slowking,water,psychic,oblivious,own-tempo,regenerator,95,75,80,100,110,30,False,False,False
199,200,misdreavus,ghost,,levitate,,,60,60,60,85,85,85,False,False,False
200,201,unown,psychic,,levitate,,,48,72,48,72,48,48,False,False,False
201,202,wobbuffet,psychic,,shadow-tag,,telepathy,190,33,58,33,58,33,False,False,False
202,203,girafarig,normal,psychic,inner-focus,early-bird,sap-sipper,70,80,65,90,65,85,False,False,False
203,204,pineco,bug,,sturdy,,overcoat,50,65,90,35,35,15,False,False,False
204,205,forretress,bug,steel,sturdy,,overcoat,75,90,140,60,60,40,False,False,False
205,206,dunsparce,normal,,serene-grace,run-away,rattled,100,70,70,65,65,45,False,False,False
206,207,gligar,ground,flying,hyper-cutter,sand-veil,immunity,65,75,105,35,65,85,False,False,False
207,208,steelix,steel,ground,rock-head,sturdy,sheer-force,75,85,200,55,65,30,False,False,False
208,209,snubbull,fairy,,intimidate,run-away,rattled,60,80,50,40,40,30,False,False,False
209,210,granbull,fairy,,intimidate,quick-feet,rattled,90,120,75,60,60,45,False,False,False
210,211,qwilfish,water,poison,poison-point,swift-swim,intimidate,65,95,85,55,55,85,False,False,False
211,212,scizor,bug,steel,swarm,technician,light-metal,70,130,100,55,80,65,False,False,False
212,213,shuckle,bug,rock,sturdy,gluttony,contrary,20,10,230,10,230,5,False,False,False
213,214,heracross,bug,fighting,swarm,guts,moxie,80,125,75,40,95,85,False,False,False
214,215,sneasel,dark,ice,inner-focus,keen-eye,pickpocket,55,95,55,35,75,115,False,False,False
215,216,teddiursa,normal,,pickup,quick-feet,honey-gather,60,80,50,50,50,40,False,False,False
216,217,ursaring,normal,,guts,quick-feet,unnerve,90,130,75,75,75,55,False,False,False
217,218,slugma,fire,,magma-armor,flame-body,weak-armor,40,40,40,70,40,20,False,False,False
218,219,magcargo,fire,rock,magma-armor,flame-body,weak-armor,60,50,120,90,80,30,False,False,False
219,220,swinub,ice,ground,oblivious,snow-cloak,thick-fat,50,50,40,30,30,50,False,False,False
220,221,piloswine,ice,ground,oblivious,snow-cloak,thick-fat,100,100,80,60,60,50,False,False,False
221,222,corsola,water,rock,hustle,natural-cure,regenerator,65,55,95,65,95,35,False,False,False
222,223,remoraid,water,,hustle,sniper,moody,35,65,35,65,35,65,False,False,False
223,224,octillery,water,,suction-cups,sniper,moody,75,105,75,105,75,45,False,False,False
224,225,delibird,ice,flying,vital-spirit,hustle,insomnia,45,55,45,65,45,75,False,False,False
225,226,mantine,water,flying,swift-swim,water-absorb,water-veil,85,40,70,80,140,70,False,False,False
226,227,skarmory,steel,flying,keen-eye,sturdy,weak-armor,65,80,140,40,70,70,False,False,False
227,228,houndour,dark,fire,early-bird,flash-fire,unnerve,45,60,30,80,50,65,False,False,False
228,229,houndoom,dark,fire,early-bird,flash-fire,unnerve,75,90,50,110,80,95,False,False,False
229,230,kingdra,water,dragon,swift-swim,sniper,damp,75,95,95,95,95,85,False,False,False
230,231,phanpy,ground,,pickup,,sand-veil,90,60,60,40,40,40,False,False,False
231,232,donphan,ground,,sturdy,,sand-veil,90,120,120,60,60,50,False,False,False
232,233,porygon2,normal,,trace,download,analytic,85,80,90,105,95,60,False,False,False
233,234,stantler,normal,,intimidate,frisk,sap-sipper,73,95,62,85,65,85,False,False,False
234,235,smeargle,normal,,own-tempo,technician,moody,55,20,35,20,45,75,False,False,False
235,236,tyrogue,fighting,,guts,steadfast,vital-spirit,35,35,35,35,35,35,False,False,False
236,237,hitmontop,fighting,,intimidate,technician,steadfast,50,95,95,35,110,70,False,False,False
237,238,smoochum,ice,psychic,oblivious,forewarn,hydration,45,30,15,85,65,65,False,False,False
238,239,elekid,electric,,static,,vital-spirit,45,63,37,65,55,95,False,False,False
239,240,magby,fire,,flame-body,,vital-spirit,45,75,37,70,55,83,False,False,False
240,241,miltank,normal,,thick-fat,scrappy,sap-sipper,95,80,105,40,70,100,False,False,False
241,242,blissey,normal,,natural-cure,serene-grace,healer,255,10,10,75,135,55,False,False,False
242,243,raikou,electric,,pressure,,inner-focus,90,85,75,115,100,115,True,False,False
243,244,entei,fire,,pressure,,inner-focus,115,115,85,90,75,100,True,False,False
244,245,suicune,water,,pressure,,inner-focus,100,75,115,90,115,85,True,False,False
245,246,larvitar,rock,ground,guts,,sand-veil,50,64,50,45,50,41,False,False,False
246,247,pupitar,rock,ground,shed-skin,,,70,84,70,65,70,51,False,False,False
247,248,tyranitar,rock,dark,sand-stream,,unnerve,100,134,110,95,100,61,False,False,True
248,249,lugia,psychic,flying,pressure,,multiscale,106,90,130,90,154,110,True,False,False
249,250,ho-oh,fire,flying,pressure,,regenerator,106,130,90,110,154,90,True,False,False
250,251,celebi,psychic,grass,natural-cure,,,100,100,100,100,100,100,False,True,False
251,252,treecko,grass,,overgrow,,unburden,40,45,35,65,55,70,False,False,False
252,253,grovyle,grass,,overgrow,,unburden,50,65,45,85,65,95,False,False,False
253,254,sceptile,grass,,overgrow,,unburden,70,85,65,105,85,120,False,False,False
254,255,torchic,fire,,blaze,,speed-boost,45,60,40,70,50,45,False,False,False
255,256,combusken,fire,fighting,blaze,,speed-boost,60,85,60,85,60,55,False,False,False
256,257,blaziken,fire,fighting,blaze,,speed-boost,80,120,70,110,70,80,False,False,False
257,258,mudkip,water,,torrent,,damp,50,70,50,50,50,40,False,False,False
258,259,marshtomp,water,ground,torrent,,damp,70,85,70,60,70,50,False,False,False
259,260,swampert,water,ground,torrent,,damp,100,110,90,85,90,60,False,False,False
260,261,poochyena,dark,,run-away,quick-feet,rattled,35,55,35,30,30,35,False,False,False
261,262,mightyena,dark,,intimidate,quick-feet,moxie,70,90,70,60,60,70,False,False,False
262,263,zigzagoon,normal,,pickup,gluttony,quick-feet,38,30,41,30,41,60,False,False,False
263,264,linoone,normal,,pickup,gluttony,quick-feet,78,70,61,50,61,100,False,False,False
264,265,wurmple,bug,,shield-dust,,run-away,45,45,35,20,30,20,False,False,False
265,266,silcoon,bug,,shed-skin,,,50,35,55,25,25,15,False,False,False
266,267,beautifly,bug,flying,swarm,,rivalry,60,70,50,100,50,65,False,False,False
267,268,cascoon,bug,,shed-skin,,,50,35,55,25,25,15,False,False,False
268,269,dustox,bug,poison,shield-dust,,compound-eyes,60,50,70,50,90,65,False,False,False
269,270,lotad,water,grass,swift-swim,rain-dish,own-tempo,40,30,30,40,50,30,False,False,False
270,271,lombre,water,grass,swift-swim,rain-dish,own-tempo,60,50,50,60,70,50,False,False,False
271,272,ludicolo,water,grass,swift-swim,rain-dish,own-tempo,80,70,70,90,100,70,False,False,False
272,273,seedot,grass,,chlorophyll,early-bird,pickpocket,40,40,50,30,30,30,False,False,False
273,274,nuzleaf,grass,dark,chlorophyll,early-bird,pickpocket,70,70,40,60,40,60,False,False,False
274,275,shiftry,grass,dark,chlorophyll,early-bird,pickpocket,90,100,60,90,60,80,False,False,False
275,276,taillow,normal,flying,guts,,scrappy,40,55,30,30,30,85,False,False,False
276,277,swellow,normal,flying,guts,,scrappy,60,85,60,75,50,125,False,False,False
277,278,wingull,water,flying,keen-eye,hydration,rain-dish,40,30,30,55,30,85,False,False,False
278,279,pelipper,water,flying,keen-eye,drizzle,rain-dish,60,50,100,95,70,65,False,False,False
279,280,ralts,psychic,fairy,synchronize,trace,telepathy,28,25,25,45,35,40,False,False,False
280,281,kirlia,psychic,fairy,synchronize,trace,telepathy,38,35,35,65,55,50,False,False,False
281,282,gardevoir,psychic,fairy,synchronize,trace,telepathy,68,65,65,125,115,80,False,False,False
282,283,surskit,bug,water,swift-swim,,rain-dish,40,30,32,50,52,65,False,False,False
283,284,masquerain,bug,flying,intimidate,,unnerve,70,60,62,100,82,80,False,False,False
284,285,shroomish,grass,,effect-spore,poison-heal,quick-feet,60,40,60,40,60,35,False,False,False
285,286,breloom,grass,fighting,effect-spore,poison-heal,technician,60,130,80,60,60,70,False,False,False
286,287,slakoth,normal,,truant,,,60,60,60,35,35,30,False,False,False
287,288,vigoroth,normal,,vital-spirit,,,80,80,80,55,55,90,False,False,False
288,289,slaking,normal,,truant,,,150,160,100,95,65,100,False,False,False
289,290,nincada,bug,ground,compound-eyes,,run-away,31,45,90,30,30,40,False,False,False
290,291,ninjask,bug,flying,speed-boost,,infiltrator,61,90,45,50,50,160,False,False,False
291,292,shedinja,bug,ghost,wonder-guard,,,1,90,45,30,30,40,False,False,False
292,293,whismur,normal,,soundproof,,rattled,64,51,23,51,23,28,False,False,False
293,294,loudred,normal,,soundproof,,scrappy,84,71,43,71,43,48,False,False,False
294,295,exploud,normal,,soundproof,,scrappy,104,91,63,91,73,68,False,False,False
295,296,makuhita,fighting,,thick-fat,guts,sheer-force,72,60,30,20,30,25,False,False,False
296,297,hariyama,fighting,,thick-fat,guts,sheer-force,144,120,60,40,60,50,False,False,False
297,298,azurill,normal,fairy,thick-fat,huge-power,sap-sipper,50,20,40,20,40,20,False,False,False
298,299,nosepass,rock,,sturdy,magnet-pull,sand-force,30,45,135,45,90,30,False,False,False
299,300,skitty,normal,,cute-charm,normalize,wonder-skin,50,45,45,35,35,50,False,False,False
300,301,delcatty,normal,,cute-charm,normalize,wonder-skin,70,65,65,55,55,90,False,False,False
301,302,sableye,dark,ghost,keen-eye,stall,prankster,50,75,75,65,65,50,False,False,False
302,303,mawile,steel,fairy,hyper-cutter,intimidate,sheer-force,50,85,85,55,55,50,False,False,False
303,304,aron,steel,rock,sturdy,rock-head,heavy-metal,50,70,100,40,40,30,False,False,False
304,305,lairon,steel,rock,sturdy,rock-head,heavy-metal,60,90,140,50,50,40,False,False,False
305,306,aggron,steel,rock,sturdy,rock-head,heavy-metal,70,110,180,60,60,50,False,False,False
306,307,meditite,fighting,psychic,pure-power,,telepathy,30,40,55,40,55,60,False,False,False
307,308,medicham,fighting,psychic,pure-power,,telepathy,60,60,75,60,75,80,False,False,False
308,309,electrike,electric,,static,lightning-rod,minus,40,45,40,65,40,65,False,False,False
309,310,manectric,electric,,static,lightning-rod,minus,70,75,60,105,60,105,False,False,False
310,311,plusle,electric,,plus,,lightning-rod,60,50,40,85,75,95,False,False,False
311,312,minun,electric,,minus,,volt-absorb,60,40,50,75,85,95,False,False,False
312,313,volbeat,bug,,illuminate,swarm,prankster,65,73,75,47,85,85,False,False,False
313,314,illumise,bug,,oblivious,tinted-lens,prankster,65,47,75,73,85,85,False,False,False
314,315,roselia,grass,poison,natural-cure,poison-point,leaf-guard,50,60,45,100,80,65,False,False,False
315,316,gulpin,poison,,liquid-ooze,sticky-hold,gluttony,70,43,53,43,53,40,False,False,False
316,317,swalot,poison,,liquid-ooze,sticky-hold,gluttony,100,73,83,73,83,55,False,False,False
317,318,carvanha,water,dark,rough-skin,,speed-boost,45,90,20,65,20,65,False,False,False
318,319,sharpedo,water,dark,rough-skin,,speed-boost,70,120,40,95,40,95,False,False,False
319,320,wailmer,water,,water-veil,oblivious,pressure,130,70,35,70,35,60,False,False,False
320,321,wailord,water,,water-veil,oblivious,pressure,170,90,45,90,45,60,False,False,False
321,322,numel,fire,ground,oblivious,simple,own-tempo,60,60,40,65,45,35,False,False,False
322,323,camerupt,fire,ground,magma-armor,solid-rock,anger-point,70,100,70,105,75,40,False,False,False
323,324,torkoal,fire,,white-smoke,drought,shell-armor,70,85,140,85,70,20,False,False,False
324,325,spoink,psychic,,thick-fat,own-tempo,gluttony,60,25,35,70,80,60,False,False,False
325,326,grumpig,psychic,,thick-fat,own-tempo,gluttony,80,45,65,90,110,80,False,False,False
326,327,spinda,normal,,own-tempo,tangled-feet,contrary,60,60,60,60,60,60,False,False,False
327,328,trapinch,ground,,hyper-cutter,arena-trap,sheer-force,45,100,45,45,45,10,False,False,False
328,329,vibrava,ground,dragon,levitate,,,50,70,50,50,50,70,False,False,False
329,330,flygon,ground,dragon,levitate,,,80,100,80,80,80,100,False,False,False
330,331,cacnea,grass,,sand-veil,,water-absorb,50,85,40,85,40,35,False,False,False
331,332,cacturne,grass,dark,sand-veil,,water-absorb,70,115,60,115,60,55,False,False,False
332,333,swablu,normal,flying,natural-cure,,cloud-nine,45,40,60,40,75,50,False,False,False
333,334,altaria,dragon,flying,natural-cure,,cloud-nine,75,70,90,70,105,80,False,False,False
334,335,zangoose,normal,,immunity,,toxic-boost,73,115,60,60,60,90,False,False,False
335,336,seviper,poison,,shed-skin,,infiltrator,73,100,60,100,60,65,False,False,False
336,337,lunatone,rock,psychic,levitate,,,90,55,65,95,85,70,False,False,False
337,338,solrock,rock,psychic,levitate,,,90,95,85,55,65,70,False,False,False
338,339,barboach,water,ground,oblivious,anticipation,hydration,50,48,43,46,41,60,False,False,False
339,340,whiscash,water,ground,oblivious,anticipation,hydration,110,78,73,76,71,60,False,False,False
340,341,corphish,water,,hyper-cutter,shell-armor,adaptability,43,80,65,50,35,35,False,False,False
341,342,crawdaunt,water,dark,hyper-cutter,shell-armor,adaptability,63,120,85,90,55,55,False,False,False
342,343,baltoy,ground,psychic,levitate,,,40,40,55,40,70,55,False,False,False
343,344,claydol,ground,psychic,levitate,,,60,70,105,70,120,75,False,False,False
344,345,lileep,rock,grass,suction-cups,,storm-drain,66,41,77,61,87,23,False,False,False
345,346,cradily,rock,grass,suction-cups,,storm-drain,86,81,97,81,107,43,False,False,False
346,347,anorith,rock,bug,battle-armor,,swift-swim,45,95,50,40,50,75,False,False,False
347,348,armaldo,rock,bug,battle-armor,,swift-swim,75,125,100,70,80,45,False,False,False
348,349,feebas,water,,swift-swim,oblivious,adaptability,20,15,20,10,55,80,False,False,False
349,350,milotic,water,,marvel-scale,competitive,cute-charm,95,60,79,100,125,81,False,False,False
350,351,castform,normal,,forecast,,,70,70,70,70,70,70,False,False,False
351,352,kecleon,normal,,color-change,,protean,60,90,70,60,120,40,False,False,False
352,353,shuppet,ghost,,insomnia,frisk,cursed-body,44,75,35,63,33,45,False,False,False
353,354,banette,ghost,,insomnia,frisk,cursed-body,64,115,65,83,63,65,False,False,False
354,355,duskull,ghost,,levitate,,frisk,20,40,90,30,90,25,False,False,False
355,356,dusclops,ghost,,pressure,,frisk,40,70,130,60,130,25,False,False,False
356,357,tropius,grass,flying,chlorophyll,solar-power,harvest,99,68,83,72,87,51,False,False,False
357,358,chimecho,psychic,,levitate,,,75,50,80,95,90,65,False,False,False
358,359,absol,dark,,pressure,super-luck,justified,65,130,60,75,60,75,False,False,False
359,360,wynaut,psychic,,shadow-tag,,telepathy,95,23,48,23,48,23,False,False,False
360,361,snorunt,ice,,inner-focus,ice-body,moody,50,50,50,50,50,50,False,False,False
361,362,glalie,ice,,inner-focus,ice-body,moody,80,80,80,80,80,80,False,False,False
362,363,spheal,ice,water,thick-fat,ice-body,oblivious,70,40,50,55,50,25,False,False,False
363,364,sealeo,ice,water,thick-fat,ice-body,oblivious,90,60,70,75,70,45,False,False,False
364,365,walrein,ice,water,thick-fat,ice-body,oblivious,110,80,90,95,90,65,False,False,False
365,366,clamperl,water,,shell-armor,,rattled,35,64,85,74,55,32,False,False,False
366,367,huntail,water,,swift-swim,,water-veil,55,104,105,94,75,52,False,False,False
367,368,gorebyss,water,,swift-swim,,hydration,55,84,105,114,75,52,False,False,False
368,369,relicanth,water,rock,swift-swim,rock-head,sturdy,100,90,130,45,65,55,False,False,False
369,370,luvdisc,water,,swift-swim,,hydration,43,30,55,40,65,97,False,False,False
370,371,bagon,dragon,,rock-head,,sheer-force,45,75,60,40,30,50,False,False,False
371,372,shelgon,dragon,,rock-head,,overcoat,65,95,100,60,50,50,False,False,False
372,373,salamence,dragon,flying,intimidate,,moxie,95,135,80,110,80,100,False,False,True
373,374,beldum,steel,psychic,clear-body,,light-metal,40,55,80,35,60,30,False,False,False
374,375,metang,steel,psychic,clear-body,,light-metal,60,75,100,55,80,50,False,False,False
375,376,metagross,steel,psychic,clear-body,,light-metal,80,135,130,95,90,70,False,False,True
376,377,regirock,rock,,clear-body,,sturdy,80,100,200,50,100,50,True,False,False
377,378,regice,ice,,clear-body,,ice-body,80,50,100,100,200,50,True,False,False
378,379,registeel,steel,,clear-body,,light-metal,80,75,150,75,150,50,True,False,False
379,380,latias,dragon,psychic,levitate,,,80,80,90,110,130,110,True,False,False
380,381,latios,dragon,psychic,levitate,,,80,90,80,130,110,110,True,False,False
381,382,kyogre,water,,drizzle,,,100,100,90,150,140,90,True,False,False
382,383,groudon,ground,,drought,,,100,150,140,100,90,90,True,False,False
383,384,rayquaza,dragon,flying,air-lock,,,105,150,90,150,90,95,True,False,False
384,385,jirachi,steel,psychic,serene-grace,,,100,100,100,100,100,100,False,True,False
385,386,deoxys-normal,psychic,,pressure,,,50,150,50,150,50,150,False,True,False
386,387,turtwig,grass,,overgrow,,shell-armor,55,68,64,45,55,31,False,False,False
387,388,grotle,grass,,overgrow,,shell-armor,75,89,85,55,65,36,False,False,False
388,389,torterra,grass,ground,overgrow,,shell-armor,95,109,105,75,85,56,False,False,False
389,390,chimchar,fire,,blaze,,iron-fist,44,58,44,58,44,61,False,False,False
390,391,monferno,fire,fighting,blaze,,iron-fist,64,78,52,78,52,81,False,False,False
391,392,infernape,fire,fighting,blaze,,iron-fist,76,104,71,104,71,108,False,False,False
392,393,piplup,water,,torrent,,defiant,53,51,53,61,56,40,False,False,False
393,394,prinplup,water,,torrent,,defiant,64,66,68,81,76,50,False,False,False
394,395,empoleon,water,steel,torrent,,defiant,84,86,88,111,101,60,False,False,False
395,396,starly,normal,flying,keen-eye,,reckless,40,55,30,30,30,60,False,False,False
396,397,staravia,normal,flying,intimidate,,reckless,55,75,50,40,40,80,False,False,False
397,398,staraptor,normal,flying,intimidate,,reckless,85,120,70,50,60,100,False,False,False
398,399,bidoof,normal,,simple,unaware,moody,59,45,40,35,40,31,False,False,False
399,400,bibarel,normal,water,simple,unaware,moody,79,85,60,55,60,71,False,False,False
400,401,kricketot,bug,,shed-skin,,run-away,37,25,41,25,41,25,False,False,False
401,402,kricketune,bug,,swarm,,technician,77,85,51,55,51,65,False,False,False
402,403,shinx,electric,,rivalry,intimidate,guts,45,65,34,40,34,45,False,False,False
403,404,luxio,electric,,rivalry,intimidate,guts,60,85,49,60,49,60,False,False,False
404,405,luxray,electric,,rivalry,intimidate,guts,80,120,79,95,79,70,False,False,False
405,406,budew,grass,poison,natural-cure,poison-point,leaf-guard,40,30,35,50,70,55,False,False,False
406,407,roserade,grass,poison,natural-cure,poison-point,technician,60,70,65,125,105,90,False,False,False
407,408,cranidos,rock,,mold-breaker,,sheer-force,67,125,40,30,30,58,False,False,False
408,409,rampardos,rock,,mold-breaker,,sheer-force,97,165,60,65,50,58,False,False,False
409,410,shieldon,rock,steel,sturdy,,soundproof,30,42,118,42,88,30,False,False,False
410,411,bastiodon,rock,steel,sturdy,,soundproof,60,52,168,47,138,30,False,False,False
411,412,burmy,bug,,shed-skin,,overcoat,40,29,45,29,45,36,False,False,False
412,413,wormadam-plant,bug,grass,anticipation,,overcoat,60,59,85,79,105,36,False,False,False
413,414,mothim,bug,flying,swarm,,tinted-lens,70,94,50,94,50,66,False,False,False
414,415,combee,bug,flying,honey-gather,,hustle,30,30,42,30,42,70,False,False,False
415,416,vespiquen,bug,flying,pressure,,unnerve,70,80,102,80,102,40,False,False,False
416,417,pachirisu,electric,,run-away,pickup,volt-absorb,60,45,70,45,90,95,False,False,False
417,418,buizel,water,,swift-swim,,water-veil,55,65,35,60,30,85,False,False,False
418,419,floatzel,water,,swift-swim,,water-veil,85,105,55,85,50,115,False,False,False
419,420,cherubi,grass,,chlorophyll,,,45,35,45,62,53,35,False,False,False
420,421,cherrim,grass,,flower-gift,,,70,60,70,87,78,85,False,False,False
421,422,shellos,water,,sticky-hold,storm-drain,sand-force,76,48,48,57,62,34,False,False,False
422,423,gastrodon,water,ground,sticky-hold,storm-drain,sand-force,111,83,68,92,82,39,False,False,False
423,424,ambipom,normal,,technician,pickup,skill-link,75,100,66,60,66,115,False,False,False
424,425,drifloon,ghost,flying,aftermath,unburden,flare-boost,90,50,34,60,44,70,False,False,False
425,426,drifblim,ghost,flying,aftermath,unburden,flare-boost,150,80,44,90,54,80,False,False,False
426,427,buneary,normal,,run-away,klutz,limber,55,66,44,44,56,85,False,False,False
427,428,lopunny,normal,,cute-charm,klutz,limber,65,76,84,54,96,105,False,False,False
428,429,mismagius,ghost,,levitate,,,60,60,60,105,105,105,False,False,False
429,430,honchkrow,dark,flying,insomnia,super-luck,moxie,100,125,52,105,52,71,False,False,False
430,431,glameow,normal,,limber,own-tempo,keen-eye,49,55,42,42,37,85,False,False,False
431,432,purugly,normal,,thick-fat,own-tempo,defiant,71,82,64,64,59,112,False,False,False
432,433,chingling,psychic,,levitate,,,45,30,50,65,50,45,False,False,False
433,434,stunky,poison,dark,stench,aftermath,keen-eye,63,63,47,41,41,74,False,False,False
434,435,skuntank,poison,dark,stench,aftermath,keen-eye,103,93,67,71,61,84,False,False,False
435,436,bronzor,steel,psychic,levitate,heatproof,heavy-metal,57,24,86,24,86,23,False,False,False
436,437,bronzong,steel,psychic,levitate,heatproof,heavy-metal,67,89,116,79,116,33,False,False,False
437,438,bonsly,rock,,sturdy,rock-head,rattled,50,80,95,10,45,10,False,False,False
438,439,mime-jr,psychic,fairy,soundproof,filter,technician,20,25,45,70,90,60,False,False,False
439,440,happiny,normal,,natural-cure,serene-grace,friend-guard,100,5,5,15,65,30,False,False,False
440,441,chatot,normal,flying,keen-eye,tangled-feet,big-pecks,76,65,45,92,42,91,False,False,False
441,442,spiritomb,ghost,dark,pressure,,infiltrator,50,92,108,92,108,35,False,False,False
442,443,gible,dragon,ground,sand-veil,,rough-skin,58,70,45,40,45,42,False,False,False
443,444,gabite,dragon,ground,sand-veil,,rough-skin,68,90,65,50,55,82,False,False,False
444,445,garchomp,dragon,ground,sand-veil,,rough-skin,108,130,95,80,85,102,False,False,True
445,446,munchlax,normal,,pickup,thick-fat,gluttony,135,85,40,40,85,5,False,False,False
446,447,riolu,fighting,,steadfast,inner-focus,prankster,40,70,40,35,40,60,False,False,False
447,448,lucario,fighting,steel,steadfast,inner-focus,justified,70,110,70,115,70,90,False,False,False
448,449,hippopotas,ground,,sand-stream,,sand-force,68,72,78,38,42,32,False,False,False
449,450,hippowdon,ground,,sand-stream,,sand-force,108,112,118,68,72,47,False,False,False
450,451,skorupi,poison,bug,battle-armor,sniper,keen-eye,40,50,90,30,55,65,False,False,False
451,452,drapion,poison,dark,battle-armor,sniper,keen-eye,70,90,110,60,75,95,False,False,False
452,453,croagunk,poison,fighting,anticipation,dry-skin,poison-touch,48,61,40,61,40,50,False,False,False
453,454,toxicroak,poison,fighting,anticipation,dry-skin,poison-touch,83,106,65,86,65,85,False,False,False
454,455,carnivine,grass,,levitate,,,74,100,72,90,72,46,False,False,False
455,456,finneon,water,,swift-swim,storm-drain,water-veil,49,49,56,49,61,66,False,False,False
456,457,lumineon,water,,swift-swim,storm-drain,water-veil,69,69,76,69,86,91,False,False,False
457,458,mantyke,water,flying,swift-swim,water-absorb,water-veil,45,20,50,60,120,50,False,False,False
458,459,snover,grass,ice,snow-warning,,soundproof,60,62,50,62,60,40,False,False,False
459,460,abomasnow,grass,ice,snow-warning,,soundproof,90,92,75,92,85,60,False,False,False
460,461,weavile,dark,ice,pressure,,pickpocket,70,120,65,45,85,125,False,False,False
461,462,magnezone,electric,steel,magnet-pull,sturdy,analytic,70,70,115,130,90,60,False,False,False
462,463,lickilicky,normal,,own-tempo,oblivious,cloud-nine,110,85,95,80,95,50,False,False,False
463,464,rhyperior,ground,rock,lightning-rod,solid-rock,reckless,115,140,130,55,55,40,False,False,False
464,465,tangrowth,grass,,chlorophyll,leaf-guard,regenerator,100,100,125,110,50,50,False,False,False
465,466,electivire,electric,,motor-drive,,vital-spirit,75,123,67,95,85,95,False,False,False
466,467,magmortar,fire,,flame-body,,vital-spirit,75,95,67,125,95,83,False,False,False
467,468,togekiss,fairy,flying,hustle,serene-grace,super-luck,85,50,95,120,115,80,False,False,False
468,469,yanmega,bug,flying,speed-boost,tinted-lens,frisk,86,76,86,116,56,95,False,False,False
469,470,leafeon,grass,,leaf-guard,,chlorophyll,65,110,130,60,65,95,False,False,False
470,471,glaceon,ice,,snow-cloak,,ice-body,65,60,110,130,95,65,False,False,False
471,472,gliscor,ground,flying,hyper-cutter,sand-veil,poison-heal,75,95,125,45,75,95,False,False,False
472,473,mamoswine,ice,ground,oblivious,snow-cloak,thick-fat,110,130,80,70,60,80,False,False,False
473,474,porygon-z,normal,,adaptability,download,analytic,85,80,70,135,75,90,False,False,False
474,475,gallade,psychic,fighting,steadfast,,justified,68,125,65,65,115,80,False,False,False
475,476,probopass,rock,steel,sturdy,magnet-pull,sand-force,60,55,145,75,150,40,False,False,False
476,477,dusknoir,ghost,,pressure,,frisk,45,100,135,65,135,45,False,False,False
477,478,froslass,ice,ghost,snow-cloak,,cursed-body,70,80,70,80,70,110,False,False,False
478,479,rotom,electric,ghost,levitate,,,50,50,77,95,77,91,False,False,False
479,480,uxie,psychic,,levitate,,,75,75,130,75,130,95,True,False,False
480,481,mesprit,psychic,,levitate,,,80,105,105,105,105,80,True,False,False
481,482,azelf,psychic,,levitate,,,75,125,70,125,70,115,True,False,False
482,483,dialga,steel,dragon,pressure,,telepathy,100,120,120,150,100,90,True,False,False
483,484,palkia,water,dragon,pressure,,telepathy,90,120,100,150,120,100,True,False,False
484,485,heatran,fire,steel,flash-fire,,flame-body,91,90,106,130,106,77,True,False,False
485,486,regigigas,normal,,slow-start,,,110,160,110,80,110,100,True,False,False
486,487,giratina-altered,ghost,dragon,pressure,,telepathy,150,100,120,100,120,90,True,False,False
487,488,cresselia,psychic,,levitate,,,120,70,120,75,130,85,True,False,False
488,489,phione,water,,hydration,,,80,80,80,80,80,80,False,True,False
489,490,manaphy,water,,hydration,,,100,100,100,100,100,100,False,True,False
490,491,darkrai,dark,,bad-dreams,,,70,90,90,135,90,125,False,True,False
491,492,shaymin-land,grass,,natural-cure,,,100,100,100,100,100,100,False,True,False
492,493,arceus,normal,,multitype,,,120,120,120,120,120,120,False,True,False
493,494,victini,psychic,fire,victory-star,,,100,100,100,100,100,100,False,True,False
494,495,snivy,grass,,overgrow,,contrary,45,45,55,45,55,63,False,False,False
495,496,servine,grass,,overgrow,,contrary,60,60,75,60,75,83,False,False,False
496,497,serperior,grass,,overgrow,,contrary,75,75,95,75,95,113,False,False,False
497,498,tepig,fire,,blaze,,thick-fat,65,63,45,45,45,45,False,False,False
498,499,pignite,fire,fighting,blaze,,thick-fat,90,93,55,70,55,55,False,False,False
499,500,emboar,fire,fighting,blaze,,reckless,110,123,65,100,65,65,False,False,False
500,501,oshawott,water,,torrent,,shell-armor,55,55,45,63,45,45,False,False,False
501,502,dewott,water,,torrent,,shell-armor,75,75,60,83,60,60,False,False,False
502,503,samurott,water,,torrent,,shell-armor,95,100,85,108,70,70,False,False,False
503,504,patrat,normal,,run-away,keen-eye,analytic,45,55,39,35,39,42,False,False,False
504,505,watchog,normal,,illuminate,keen-eye,analytic,60,85,69,60,69,77,False,False,False
505,506,lillipup,normal,,vital-spirit,pickup,run-away,45,60,45,25,45,55,False,False,False
506,507,herdier,normal,,intimidate,sand-rush,scrappy,65,80,65,35,65,60,False,False,False
507,508,stoutland,normal,,intimidate,sand-rush,scrappy,85,110,90,45,90,80,False,False,False
508,509,purrloin,dark,,limber,unburden,prankster,41,50,37,50,37,66,False,False,False
509,510,liepard,dark,,limber,unburden,prankster,64,88,50,88,50,106,False,False,False
510,511,pansage,grass,,gluttony,,overgrow,50,53,48,53,48,64,False,False,False
511,512,simisage,grass,,gluttony,,overgrow,75,98,63,98,63,101,False,False,False
512,513,pansear,fire,,gluttony,,blaze,50,53,48,53,48,64,False,False,False
513,514,simisear,fire,,gluttony,,blaze,75,98,63,98,63,101,False,False,False
514,515,panpour,water,,gluttony,,torrent,50,53,48,53,48,64,False,False,False
515,516,simipour,water,,gluttony,,torrent,75,98,63,98,63,101,False,False,False
516,517,munna,psychic,,forewarn,synchronize,telepathy,76,25,45,67,55,24,False,False,False
517,518,musharna,psychic,,forewarn,synchronize,telepathy,116,55,85,107,95,29,False,False,False
518,519,pidove,normal,flying,big-pecks,super-luck,rivalry,50,55,50,36,30,43,False,False,False
519,520,tranquill,normal,flying,big-pecks,super-luck,rivalry,62,77,62,50,42,65,False,False,False
520,521,unfezant,normal,flying,big-pecks,super-luck,rivalry,80,115,80,65,55,93,False,False,False
521,522,blitzle,electric,,lightning-rod,motor-drive,sap-sipper,45,60,32,50,32,76,False,False,False
522,523,zebstrika,electric,,lightning-rod,motor-drive,sap-sipper,75,100,63,80,63,116,False,False,False
523,524,roggenrola,rock,,sturdy,weak-armor,sand-force,55,75,85,25,25,15,False,False,False
524,525,boldore,rock,,sturdy,weak-armor,sand-force,70,105,105,50,40,20,False,False,False
525,526,gigalith,rock,,sturdy,sand-stream,sand-force,85,135,130,60,80,25,False,False,False
526,527,woobat,psychic,flying,unaware,klutz,simple,65,45,43,55,43,72,False,False,False
527,528,swoobat,psychic,flying,unaware,klutz,simple,67,57,55,77,55,114,False,False,False
528,529,drilbur,ground,,sand-rush,sand-force,mold-breaker,60,85,40,30,45,68,False,False,False
529,530,excadrill,ground,steel,sand-rush,sand-force,mold-breaker,110,135,60,50,65,88,False,False,False
530,531,audino,normal,,healer,regenerator,klutz,103,60,86,60,86,50,False,False,False
531,532,timburr,fighting,,guts,sheer-force,iron-fist,75,80,55,25,35,35,False,False,False
532,533,gurdurr,fighting,,guts,sheer-force,iron-fist,85,105,85,40,50,40,False,False,False
533,534,conkeldurr,fighting,,guts,sheer-force,iron-fist,105,140,95,55,65,45,False,False,False
534,535,tympole,water,,swift-swim,hydration,water-absorb,50,50,40,50,40,64,False,False,False
535,536,palpitoad,water,ground,swift-swim,hydration,water-absorb,75,65,55,65,55,69,False,False,False
536,537,seismitoad,water,ground,swift-swim,poison-touch,water-absorb,105,95,75,85,75,74,False,False,False
537,538,throh,fighting,,guts,inner-focus,mold-breaker,120,100,85,30,85,45,False,False,False
538,539,sawk,fighting,,sturdy,inner-focus,mold-breaker,75,125,75,30,75,85,False,False,False
539,540,sewaddle,bug,grass,swarm,chlorophyll,overcoat,45,53,70,40,60,42,False,False,False
540,541,swadloon,bug,grass,leaf-guard,chlorophyll,overcoat,55,63,90,50,80,42,False,False,False
541,542,leavanny,bug,grass,swarm,chlorophyll,overcoat,75,103,80,70,80,92,False,False,False
542,543,venipede,bug,poison,poison-point,swarm,speed-boost,30,45,59,30,39,57,False,False,False
543,544,whirlipede,bug,poison,poison-point,swarm,speed-boost,40,55,99,40,79,47,False,False,False
544,545,scolipede,bug,poison,poison-point,swarm,speed-boost,60,100,89,55,69,112,False,False,False
545,546,cottonee,grass,fairy,prankster,infiltrator,chlorophyll,40,27,60,37,50,66,False,False,False
546,547,whimsicott,grass,fairy,prankster,infiltrator,chlorophyll,60,67,85,77,75,116,False,False,False
547,548,petilil,grass,,chlorophyll,own-tempo,leaf-guard,45,35,50,70,50,30,False,False,False
548,549,lilligant,grass,,chlorophyll,own-tempo,leaf-guard,70,60,75,110,75,90,False,False,False
549,550,basculin-red-striped,water,,reckless,adaptability,mold-breaker,70,92,65,80,55,98,False,False,False
550,551,sandile,ground,dark,intimidate,moxie,anger-point,50,72,35,35,35,65,False,False,False
551,552,krokorok,ground,dark,intimidate,moxie,anger-point,60,82,45,45,45,74,False,False,False
552,553,krookodile,ground,dark,intimidate,moxie,anger-point,95,117,80,65,70,92,False,False,False
553,554,darumaka,fire,,hustle,,inner-focus,70,90,45,15,45,50,False,False,False
554,555,darmanitan-standard,fire,,sheer-force,,zen-mode,105,140,55,30,55,95,False,False,False
555,556,maractus,grass,,water-absorb,chlorophyll,storm-drain,75,86,67,106,67,60,False,False,False
556,557,dwebble,bug,rock,sturdy,shell-armor,weak-armor,50,65,85,35,35,55,False,False,False
557,558,crustle,bug,rock,sturdy,shell-armor,weak-armor,70,105,125,65,75,45,False,False,False
558,559,scraggy,dark,fighting,shed-skin,moxie,intimidate,50,75,70,35,70,48,False,False,False
559,560,scrafty,dark,fighting,shed-skin,moxie,intimidate,65,90,115,45,115,58,False,False,False
560,561,sigilyph,psychic,flying,wonder-skin,magic-guard,tinted-lens,72,58,80,103,80,97,False,False,False
561,562,yamask,ghost,,mummy,,,38,30,85,55,65,30,False,False,False
562,563,cofagrigus,ghost,,mummy,,,58,50,145,95,105,30,False,False,False
563,564,tirtouga,water,rock,solid-rock,sturdy,swift-swim,54,78,103,53,45,22,False,False,False
564,565,carracosta,water,rock,solid-rock,sturdy,swift-swim,74,108,133,83,65,32,False,False,False
565,566,archen,rock,flying,defeatist,,,55,112,45,74,45,70,False,False,False
566,567,archeops,rock,flying,defeatist,,,75,140,65,112,65,110,False,False,False
567,568,trubbish,poison,,stench,sticky-hold,aftermath,50,50,62,40,62,65,False,False,False
568,569,garbodor,poison,,stench,weak-armor,aftermath,80,95,82,60,82,75,False,False,False
569,570,zorua,dark,,illusion,,,40,65,40,80,40,65,False,False,False
570,571,zoroark,dark,,illusion,,,60,105,60,120,60,105,False,False,False
571,572,minccino,normal,,cute-charm,technician,skill-link,55,50,40,40,40,75,False,False,False
572,573,cinccino,normal,,cute-charm,technician,skill-link,75,95,60,65,60,115,False,False,False
573,574,gothita,psychic,,frisk,competitive,shadow-tag,45,30,50,55,65,45,False,False,False
574,575,gothorita,psychic,,frisk,competitive,shadow-tag,60,45,70,75,85,55,False,False,False
575,576,gothitelle,psychic,,frisk,competitive,shadow-tag,70,55,95,95,110,65,False,False,False
576,577,solosis,psychic,,overcoat,magic-guard,regenerator,45,30,40,105,50,20,False,False,False
577,578,duosion,psychic,,overcoat,magic-guard,regenerator,65,40,50,125,60,30,False,False,False
578,579,reuniclus,psychic,,overcoat,magic-guard,regenerator,110,65,75,125,85,30,False,False,False
579,580,ducklett,water,flying,keen-eye,big-pecks,hydration,62,44,50,44,50,55,False,False,False
580,581,swanna,water,flying,keen-eye,big-pecks,hydration,75,87,63,87,63,98,False,False,False
581,582,vanillite,ice,,ice-body,snow-cloak,weak-armor,36,50,50,65,60,44,False,False,False
582,583,vanillish,ice,,ice-body,snow-cloak,weak-armor,51,65,65,80,75,59,False,False,False
583,584,vanilluxe,ice,,ice-body,snow-warning,weak-armor,71,95,85,110,95,79,False,False,False
584,585,deerling,normal,grass,chlorophyll,sap-sipper,serene-grace,60,60,50,40,50,75,False,False,False
585,586,sawsbuck,normal,grass,chlorophyll,sap-sipper,serene-grace,80,100,70,60,70,95,False,False,False
586,587,emolga,electric,flying,static,,motor-drive,55,75,60,75,60,103,False,False,False
587,588,karrablast,bug,,swarm,shed-skin,no-guard,50,75,45,40,45,60,False,False,False
588,589,escavalier,bug,steel,swarm,shell-armor,overcoat,70,135,105,60,105,20,False,False,False
589,590,foongus,grass,poison,effect-spore,,regenerator,69,55,45,55,55,15,False,False,False
590,591,amoonguss,grass,poison,effect-spore,,regenerator,114,85,70,85,80,30,False,False,False
591,592,frillish,water,ghost,water-absorb,cursed-body,damp,55,40,50,65,85,40,False,False,False
592,593,jellicent,water,ghost,water-absorb,cursed-body,damp,100,60,70,85,105,60,False,False,False
593,594,alomomola,water,,healer,hydration,regenerator,165,75,80,40,45,65,False,False,False
594,595,joltik,bug,electric,compound-eyes,unnerve,swarm,50,47,50,57,50,65,False,False,False
595,596,galvantula,bug,electric,compound-eyes,unnerve,swarm,70,77,60,97,60,108,False,False,False
596,597,ferroseed,grass,steel,iron-barbs,,,44,50,91,24,86,10,False,False,False
597,598,ferrothorn,grass,steel,iron-barbs,,anticipation,74,94,131,54,116,20,False,False,False
598,599,klink,steel,,plus,minus,clear-body,40,55,70,45,60,30,False,False,False
599,600,klang,steel,,plus,minus,clear-body,60,80,95,70,85,50,False,False,False
600,601,klinklang,steel,,plus,minus,clear-body,60,100,115,70,85,90,False,False,False
601,602,tynamo,electric,,levitate,,,35,55,40,45,40,60,False,False,False
602,603,eelektrik,electric,,levitate,,,65,85,70,75,70,40,False,False,False
603,604,eelektross,electric,,levitate,,,85,115,80,105,80,50,False,False,False
604,605,elgyem,psychic,,telepathy,synchronize,analytic,55,55,55,85,55,30,False,False,False
605,606,beheeyem,psychic,,telepathy,synchronize,analytic,75,75,75,125,95,40,False,False,False
606,607,litwick,ghost,fire,flash-fire,flame-body,infiltrator,50,30,55,65,55,20,False,False,False
607,608,lampent,ghost,fire,flash-fire,flame-body,infiltrator,60,40,60,95,60,55,False,False,False
608,609,chandelure,ghost,fire,flash-fire,flame-body,infiltrator,60,55,90,145,90,80,False,False,False
609,610,axew,dragon,,rivalry,mold-breaker,unnerve,46,87,60,30,40,57,False,False,False
610,611,fraxure,dragon,,rivalry,mold-breaker,unnerve,66,117,70,40,50,67,False,False,False
611,612,haxorus,dragon,,rivalry,mold-breaker,unnerve,76,147,90,60,70,97,False,False,False
612,613,cubchoo,ice,,snow-cloak,slush-rush,rattled,55,70,40,60,40,40,False,False,False
613,614,beartic,ice,,snow-cloak,slush-rush,swift-swim,95,130,80,70,80,50,False,False,False
614,615,cryogonal,ice,,levitate,,,80,50,50,95,135,105,False,False,False
615,616,shelmet,bug,,hydration,shell-armor,overcoat,50,40,85,40,65,25,False,False,False
616,617,accelgor,bug,,hydration,sticky-hold,unburden,80,70,40,100,60,145,False,False,False
617,618,stunfisk,ground,electric,static,limber,sand-veil,109,66,84,81,99,32,False,False,False
618,619,mienfoo,fighting,,inner-focus,regenerator,reckless,45,85,50,55,50,65,False,False,False
619,620,mienshao,fighting,,inner-focus,regenerator,reckless,65,125,60,95,60,105,False,False,False
620,621,druddigon,dragon,,rough-skin,sheer-force,mold-breaker,77,120,90,60,90,48,False,False,False
621,622,golett,ground,ghost,iron-fist,klutz,no-guard,59,74,50,35,50,35,False,False,False
622,623,golurk,ground,ghost,iron-fist,klutz,no-guard,89,124,80,55,80,55,False,False,False
623,624,pawniard,dark,steel,defiant,inner-focus,pressure,45,85,70,40,40,60,False,False,False
624,625,bisharp,dark,steel,defiant,inner-focus,pressure,65,125,100,60,70,70,False,False,False
625,626,bouffalant,normal,,reckless,sap-sipper,soundproof,95,110,95,40,95,55,False,False,False
626,627,rufflet,normal,flying,keen-eye,sheer-force,hustle,70,83,50,37,50,60,False,False,False
627,628,braviary,normal,flying,keen-eye,sheer-force,defiant,100,123,75,57,75,80,False,False,False
628,629,vullaby,dark,flying,big-pecks,overcoat,weak-armor,70,55,75,45,65,60,False,False,False
629,630,mandibuzz,dark,flying,big-pecks,overcoat,weak-armor,110,65,105,55,95,80,False,False,False
630,631,heatmor,fire,,gluttony,flash-fire,white-smoke,85,97,66,105,66,65,False,False,False
631,632,durant,bug,steel,swarm,hustle,truant,58,109,112,48,48,109,False,False,False
632,633,deino,dark,dragon,hustle,,,52,65,50,45,50,38,False,False,False
633,634,zweilous,dark,dragon,hustle,,,72,85,70,65,70,58,False,False,False
634,635,hydreigon,dark,dragon,levitate,,,92,105,90,125,90,98,False,False,True
635,636,larvesta,bug,fire,flame-body,,swarm,55,85,55,50,55,60,False,False,False
636,637,volcarona,bug,fire,flame-body,,swarm,85,60,65,135,105,100,False,False,False
637,638,cobalion,steel,fighting,justified,,,91,90,129,90,72,108,True,False,False
638,639,terrakion,rock,fighting,justified,,,91,129,90,72,90,108,True,False,False
639,640,virizion,grass,fighting,justified,,,91,90,72,90,129,108,True,False,False
640,641,tornadus-incarnate,flying,,prankster,,defiant,79,115,70,125,80,111,True,False,False
641,642,thundurus-incarnate,electric,flying,prankster,,defiant,79,115,70,125,80,111,True,False,False
642,643,reshiram,dragon,fire,turboblaze,,,100,120,100,150,120,90,True,False,False
643,644,zekrom,dragon,electric,teravolt,,,100,150,120,120,100,90,True,False,False
644,645,landorus-incarnate,ground,flying,sand-force,,sheer-force,89,125,90,115,80,101,True,False,False
645,646,kyurem,dragon,ice,pressure,,,125,130,90,130,90,95,True,False,False
646,647,keldeo-ordinary,water,fighting,justified,,,91,72,90,129,90,108,False,True,False
647,648,meloetta-aria,normal,psychic,serene-grace,,,100,77,77,128,128,90,False,True,False
648,649,genesect,bug,steel,download,,,71,120,95,120,95,99,False,True,False
649,650,chespin,grass,,overgrow,,bulletproof,56,61,65,48,45,38,False,False,False
650,651,quilladin,grass,,overgrow,,bulletproof,61,78,95,56,58,57,False,False,False
651,652,chesnaught,grass,fighting,overgrow,,bulletproof,88,107,122,74,75,64,False,False,False
652,653,fennekin,fire,,blaze,,magician,40,45,40,62,60,60,False,False,False
653,654,braixen,fire,,blaze,,magician,59,59,58,90,70,73,False,False,False
654,655,delphox,fire,psychic,blaze,,magician,75,69,72,114,100,104,False,False,False
655,656,froakie,water,,torrent,,protean,41,56,40,62,44,71,False,False,False
656,657,frogadier,water,,torrent,,protean,54,63,52,83,56,97,False,False,False
657,658,greninja,water,dark,torrent,,protean,72,95,67,103,71,122,False,False,False
658,659,bunnelby,normal,,pickup,cheek-pouch,huge-power,38,36,38,32,36,57,False,False,False
659,660,diggersby,normal,ground,pickup,cheek-pouch,huge-power,85,56,77,50,77,78,False,False,False
660,661,fletchling,normal,flying,big-pecks,,gale-wings,45,50,43,40,38,62,False,False,False
661,662,fletchinder,fire,flying,flame-body,,gale-wings,62,73,55,56,52,84,False,False,False
662,663,talonflame,fire,flying,flame-body,,gale-wings,78,81,71,74,69,126,False,False,False
663,664,scatterbug,bug,,shield-dust,compound-eyes,friend-guard,38,35,40,27,25,35,False,False,False
664,665,spewpa,bug,,shed-skin,,friend-guard,45,22,60,27,30,29,False,False,False
665,666,vivillon,bug,flying,shield-dust,compound-eyes,friend-guard,80,52,50,90,50,89,False,False,False
666,667,litleo,fire,normal,rivalry,unnerve,moxie,62,50,58,73,54,72,False,False,False
667,668,pyroar,fire,normal,rivalry,unnerve,moxie,86,68,72,109,66,106,False,False,False
668,669,flabebe,fairy,,flower-veil,,symbiosis,44,38,39,61,79,42,False,False,False
669,670,floette,fairy,,flower-veil,,symbiosis,54,45,47,75,98,52,False,False,False
670,671,florges,fairy,,flower-veil,,symbiosis,78,65,68,112,154,75,False,False,False
671,672,skiddo,grass,,sap-sipper,,grass-pelt,66,65,48,62,57,52,False,False,False
672,673,gogoat,grass,,sap-sipper,,grass-pelt,123,100,62,97,81,68,False,False,False
673,674,pancham,fighting,,iron-fist,mold-breaker,scrappy,67,82,62,46,48,43,False,False,False
674,675,pangoro,fighting,dark,iron-fist,mold-breaker,scrappy,95,124,78,69,71,58,False,False,False
675,676,furfrou,normal,,fur-coat,,,75,80,60,65,90,102,False,False,False
676,677,espurr,psychic,,keen-eye,infiltrator,own-tempo,62,48,54,63,60,68,False,False,False
677,678,meowstic-male,psychic,,keen-eye,infiltrator,prankster,74,48,76,83,81,104,False,False,False
678,679,honedge,steel,ghost,no-guard,,,45,80,100,35,37,28,False,False,False
679,680,doublade,steel,ghost,no-guard,,,59,110,150,45,49,35,False,False,False
680,681,aegislash-shield,steel,ghost,stance-change,,,60,50,140,50,140,60,False,False,False
681,682,spritzee,fairy,,healer,,aroma-veil,78,52,60,63,65,23,False,False,False
682,683,aromatisse,fairy,,healer,,aroma-veil,101,72,72,99,89,29,False,False,False
683,684,swirlix,fairy,,sweet-veil,,unburden,62,48,66,59,57,49,False,False,False
684,685,slurpuff,fairy,,sweet-veil,,unburden,82,80,86,85,75,72,False,False,False
685,686,inkay,dark,psychic,contrary,suction-cups,infiltrator,53,54,53,37,46,45,False,False,False
686,687,malamar,dark,psychic,contrary,suction-cups,infiltrator,86,92,88,68,75,73,False,False,False
687,688,binacle,rock,water,tough-claws,sniper,pickpocket,42,52,67,39,56,50,False,False,False
688,689,barbaracle,rock,water,tough-claws,sniper,pickpocket,72,105,115,54,86,68,False,False,False
689,690,skrelp,poison,water,poison-point,poison-touch,adaptability,50,60,60,60,60,30,False,False,False
690,691,dragalge,poison,dragon,poison-point,poison-touch,adaptability,65,75,90,97,123,44,False,False,False
691,692,clauncher,water,,mega-launcher,,,50,53,62,58,63,44,False,False,False
692,693,clawitzer,water,,mega-launcher,,,71,73,88,120,89,59,False,False,False
693,694,helioptile,electric,normal,dry-skin,sand-veil,solar-power,44,38,33,61,43,70,False,False,False
694,695,heliolisk,electric,normal,dry-skin,sand-veil,solar-power,62,55,52,109,94,109,False,False,False
695,696,tyrunt,rock,dragon,strong-jaw,,sturdy,58,89,77,45,45,48,False,False,False
696,697,tyrantrum,rock,dragon,strong-jaw,,rock-head,82,121,119,69,59,71,False,False,False
697,698,amaura,rock,ice,refrigerate,,snow-warning,77,59,50,67,63,46,False,False,False
698,699,aurorus,rock,ice,refrigerate,,snow-warning,123,77,72,99,92,58,False,False,False
699,700,sylveon,fairy,,cute-charm,,pixilate,95,65,65,110,130,60,False,False,False
700,701,hawlucha,fighting,flying,limber,unburden,mold-breaker,78,92,75,74,63,118,False,False,False
701,702,dedenne,electric,fairy,cheek-pouch,pickup,plus,67,58,57,81,67,101,False,False,False
702,703,carbink,rock,fairy,clear-body,,sturdy,50,50,150,50,150,50,False,False,False
703,704,goomy,dragon,,sap-sipper,hydration,gooey,45,50,35,55,75,40,False,False,False
704,705,sliggoo,dragon,,sap-sipper,hydration,gooey,68,75,53,83,113,60,False,False,False
705,706,goodra,dragon,,sap-sipper,hydration,gooey,90,100,70,110,150,80,False,False,True
706,707,klefki,steel,fairy,prankster,,magician,57,80,91,80,87,75,False,False,False
707,708,phantump,ghost,grass,natural-cure,frisk,harvest,43,70,48,50,60,38,False,False,False
708,709,trevenant,ghost,grass,natural-cure,frisk,harvest,85,110,76,65,82,56,False,False,False
709,710,pumpkaboo-average,ghost,grass,pickup,frisk,insomnia,49,66,70,44,55,51,False,False,False
710,711,gourgeist-average,ghost,grass,pickup,frisk,insomnia,65,90,122,58,75,84,False,False,False
711,712,bergmite,ice,,own-tempo,ice-body,sturdy,55,69,85,32,35,28,False,False,False
712,713,avalugg,ice,,own-tempo,ice-body,sturdy,95,117,184,44,46,28,False,False,False
713,714,noibat,flying,dragon,frisk,infiltrator,telepathy,40,30,35,45,40,55,False,False,False
714,715,noivern,flying,dragon,frisk,infiltrator,telepathy,85,70,80,97,80,123,False,False,False
715,716,xerneas,fairy,,fairy-aura,,,126,131,95,131,98,99,True,False,False
716,717,yveltal,dark,flying,dark-aura,,,126,131,95,131,98,99,True,False,False
717,718,zygarde-50,dragon,ground,aura-break,,,108,100,121,81,95,95,True,False,False
718,719,diancie,rock,fairy,clear-body,,,50,100,150,100,150,50,False,True,False
719,720,hoopa,psychic,ghost,magician,,,80,110,60,150,130,70,False,True,False
720,721,volcanion,fire,water,water-absorb,,,80,110,120,130,90,70,False,True,False
721,722,rowlet,grass,flying,overgrow,,long-reach,68,55,55,50,50,42,False,False,False
722,723,dartrix,grass,flying,overgrow,,long-reach,78,75,75,70,70,52,False,False,False
723,724,decidueye,grass,ghost,overgrow,,long-reach,78,107,75,100,100,70,False,False,False
724,725,litten,fire,,blaze,,intimidate,45,65,40,60,40,70,False,False,False
725,726,torracat,fire,,blaze,,intimidate,65,85,50,80,50,90,False,False,False
726,727,incineroar,fire,dark,blaze,,intimidate,95,115,90,80,90,60,False,False,False
727,728,popplio,water,,torrent,,liquid-voice,50,54,54,66,56,40,False,False,False
728,729,brionne,water,,torrent,,liquid-voice,60,69,69,91,81,50,False,False,False
729,730,primarina,water,fairy,torrent,,liquid-voice,80,74,74,126,116,60,False,False,False
730,731,pikipek,normal,flying,keen-eye,skill-link,pickup,35,75,30,30,30,65,False,False,False
731,732,trumbeak,normal,flying,keen-eye,skill-link,pickup,55,85,50,40,50,75,False,False,False
732,733,toucannon,normal,flying,keen-eye,skill-link,sheer-force,80,120,75,75,75,60,False,False,False
733,734,yungoos,normal,,stakeout,strong-jaw,adaptability,48,70,30,30,30,45,False,False,False
734,735,gumshoos,normal,,stakeout,strong-jaw,adaptability,88,110,60,55,60,45,False,False,False
735,736,grubbin,bug,,swarm,,,47,62,45,55,45,46,False,False,False
736,737,charjabug,bug,electric,battery,,,57,82,95,55,75,36,False,False,False
737,738,vikavolt,bug,electric,levitate,,,77,70,90,145,75,43,False,False,False
738,739,crabrawler,fighting,,hyper-cutter,iron-fist,anger-point,47,82,57,42,47,63,False,False,False
739,740,crabominable,fighting,ice,hyper-cutter,iron-fist,anger-point,97,132,77,62,67,43,False,False,False
740,741,oricorio-baile,fire,flying,dancer,,,75,70,70,98,70,93,False,False,False
741,742,cutiefly,bug,fairy,honey-gather,shield-dust,sweet-veil,40,45,40,55,40,84,False,False,False
742,743,ribombee,bug,fairy,honey-gather,shield-dust,sweet-veil,60,55,60,95,70,124,False,False,False
743,744,rockruff,rock,,keen-eye,vital-spirit,steadfast,45,65,40,30,40,60,False,False,False
744,745,lycanroc-midday,rock,,keen-eye,sand-rush,steadfast,75,115,65,55,65,112,False,False,False
745,746,wishiwashi-solo,water,,schooling,,,45,20,20,25,25,40,False,False,False
746,747,mareanie,poison,water,merciless,limber,regenerator,50,53,62,43,52,45,False,False,False
747,748,toxapex,poison,water,merciless,limber,regenerator,50,63,152,53,142,35,False,False,False
748,749,mudbray,ground,,own-tempo,stamina,inner-focus,70,100,70,45,55,45,False,False,False
749,750,mudsdale,ground,,own-tempo,stamina,inner-focus,100,125,100,55,85,35,False,False,False
750,751,dewpider,water,bug,water-bubble,,water-absorb,38,40,52,40,72,27,False,False,False
751,752,araquanid,water,bug,water-bubble,,water-absorb,68,70,92,50,132,42,False,False,False
752,753,fomantis,grass,,leaf-guard,,contrary,40,55,35,50,35,35,False,False,False
753,754,lurantis,grass,,leaf-guard,,contrary,70,105,90,80,90,45,False,False,False
754,755,morelull,grass,fairy,illuminate,effect-spore,rain-dish,40,35,55,65,75,15,False,False,False
755,756,shiinotic,grass,fairy,illuminate,effect-spore,rain-dish,60,45,80,90,100,30,False,False,False
756,757,salandit,poison,fire,corrosion,,oblivious,48,44,40,71,40,77,False,False,False
757,758,salazzle,poison,fire,corrosion,,oblivious,68,64,60,111,60,117,False,False,False
758,759,stufful,normal,fighting,fluffy,klutz,cute-charm,70,75,50,45,50,50,False,False,False
759,760,bewear,normal,fighting,fluffy,klutz,unnerve,120,125,80,55,60,60,False,False,False
760,761,bounsweet,grass,,leaf-guard,oblivious,sweet-veil,42,30,38,30,38,32,False,False,False
761,762,steenee,grass,,leaf-guard,oblivious,sweet-veil,52,40,48,40,48,62,False,False,False
762,763,tsareena,grass,,leaf-guard,queenly-majesty,sweet-veil,72,120,98,50,98,72,False,False,False
763,764,comfey,fairy,,flower-veil,triage,natural-cure,51,52,90,82,110,100,False,False,False
764,765,oranguru,normal,psychic,inner-focus,telepathy,symbiosis,90,60,80,90,110,60,False,False,False
765,766,passimian,fighting,,receiver,,defiant,100,120,90,40,60,80,False,False,False
766,767,wimpod,bug,water,wimp-out,,,25,35,40,20,30,80,False,False,False
767,768,golisopod,bug,water,emergency-exit,,,75,125,140,60,90,40,False,False,False
768,769,sandygast,ghost,ground,water-compaction,,sand-veil,55,55,80,70,45,15,False,False,False
769,770,palossand,ghost,ground,water-compaction,,sand-veil,85,75,110,100,75,35,False,False,False
770,771,pyukumuku,water,,innards-out,,unaware,55,60,130,30,130,5,False,False,False
771,772,type-null,normal,,battle-armor,,,95,95,95,95,95,59,False,False,False
772,773,silvally,normal,,rks-system,,,95,95,95,95,95,95,False,False,False
773,774,minior-red-meteor,rock,flying,shields-down,,,60,60,100,60,100,60,False,False,False
774,775,komala,normal,,comatose,,,65,115,65,75,95,65,False,False,False
775,776,turtonator,fire,dragon,shell-armor,,,60,78,135,91,85,36,False,False,False
776,777,togedemaru,electric,steel,iron-barbs,lightning-rod,sturdy,65,98,63,40,73,96,False,False,False
777,778,mimikyu-disguised,ghost,fairy,disguise,,,55,90,80,50,105,96,False,False,False
778,779,bruxish,water,psychic,dazzling,strong-jaw,wonder-skin,68,105,70,70,70,92,False,False,False
779,780,drampa,normal,dragon,berserk,sap-sipper,cloud-nine,78,60,85,135,91,36,False,False,False
780,781,dhelmise,ghost,grass,steelworker,,,70,131,100,86,90,40,False,False,False
781,782,jangmo-o,dragon,,bulletproof,soundproof,overcoat,45,55,65,45,45,45,False,False,False
782,783,hakamo-o,dragon,fighting,bulletproof,soundproof,overcoat,55,75,90,65,70,65,False,False,False
783,784,kommo-o,dragon,fighting,bulletproof,soundproof,overcoat,75,110,125,100,105,85,False,False,True
784,785,tapu-koko,electric,fairy,electric-surge,,telepathy,70,115,85,95,75,130,True,False,False
785,786,tapu-lele,psychic,fairy,psychic-surge,,telepathy,70,85,75,130,115,95,True,False,False
786,787,tapu-bulu,grass,fairy,grassy-surge,,telepathy,70,130,115,85,95,75,True,False,False
787,788,tapu-fini,water,fairy,misty-surge,,telepathy,70,75,115,95,130,85,True,False,False
788,789,cosmog,psychic,,unaware,,,43,29,31,29,31,37,True,False,False
789,790,cosmoem,psychic,,sturdy,,,43,29,131,29,131,37,True,False,False
790,791,solgaleo,psychic,steel,full-metal-body,,,137,137,107,113,89,97,True,False,False
791,792,lunala,psychic,ghost,shadow-shield,,,137,113,89,137,107,97,True,False,False
792,793,nihilego,rock,poison,beast-boost,,,109,53,47,127,131,103,False,False,False
793,794,buzzwole,bug,fighting,beast-boost,,,107,139,139,53,53,79,False,False,False
794,795,pheromosa,bug,fighting,beast-boost,,,71,137,37,137,37,151,False,False,False
795,796,xurkitree,electric,,beast-boost,,,83,89,71,173,71,83,False,False,False
796,797,celesteela,steel,flying,beast-boost,,,97,101,103,107,101,61,False,False,False
797,798,kartana,grass,steel,beast-boost,,,59,181,131,59,31,109,False,False,False
798,799,guzzlord,dark,dragon,beast-boost,,,223,101,53,97,53,43,False,False,False
799,800,necrozma,psychic,,prism-armor,,,97,107,101,127,89,79,True,False,False
800,801,magearna,steel,fairy,soul-heart,,,80,95,115,130,115,65,False,True,False
801,802,marshadow,fighting,ghost,technician,,,90,125,80,90,90,125,False,True,False
802,803,poipole,poison,,beast-boost,,,67,73,67,73,67,73,False,False,False
803,804,naganadel,poison,dragon,beast-boost,,,73,73,73,127,73,121,False,False,False
804,805,stakataka,rock,steel,beast-boost,,,61,131,211,53,101,13,False,False,False
805,806,blacephalon,fire,ghost,beast-boost,,,53,127,53,151,79,107,False,False,False
806,807,zeraora,electric,,volt-absorb,,,88,112,75,102,80,143,False,True,False
807,808,meltan,steel,,magnet-pull,,,46,65,65,55,35,34,False,True,False
808,809,melmetal,steel,,iron-fist,,,135,143,143,80,65,34,False,True,False
809,810,grookey,grass,,overgrow,,grassy-surge,50,65,50,40,40,65,False,False,False
810,811,thwackey,grass,,overgrow,,grassy-surge,70,85,70,55,60,80,False,False,False
811,812,rillaboom,grass,,overgrow,,grassy-surge,100,125,90,60,70,85,False,False,False
812,813,scorbunny,fire,,blaze,,libero,50,71,40,40,40,69,False,False,False
813,814,raboot,fire,,blaze,,libero,65,86,60,55,60,94,False,False,False
814,815,cinderace,fire,,blaze,,libero,80,116,75,65,75,119,False,False,False
815,816,sobble,water,,torrent,,sniper,50,40,40,70,40,70,False,False,False
816,817,drizzile,water,,torrent,,sniper,65,60,55,95,55,90,False,False,False
817,818,inteleon,water,,torrent,,sniper,70,85,65,125,65,120,False,False,False
818,819,skwovet,normal,,cheek-pouch,,gluttony,70,55,55,35,35,25,False,False,False
819,820,greedent,normal,,cheek-pouch,,gluttony,120,95,95,55,75,20,False,False,False
820,821,rookidee,flying,,keen-eye,unnerve,big-pecks,38,47,35,33,35,57,False,False,False
821,822,corvisquire,flying,,keen-eye,unnerve,big-pecks,68,67,55,43,55,77,False,False,False
822,823,corviknight,flying,steel,pressure,unnerve,mirror-armor,98,87,105,53,85,67,False,False,False
823,824,blipbug,bug,,swarm,compound-eyes,telepathy,25,20,20,25,45,45,False,False,False
824,825,dottler,bug,psychic,swarm,compound-eyes,telepathy,50,35,80,50,90,30,False,False,False
825,826,orbeetle,bug,psychic,swarm,frisk,telepathy,60,45,110,80,120,90,False,False,False
826,827,nickit,dark,,run-away,unburden,stakeout,40,28,28,47,52,50,False,False,False
827,828,thievul,dark,,run-away,unburden,stakeout,70,58,58,87,92,90,False,False,False
828,829,gossifleur,grass,,cotton-down,regenerator,effect-spore,40,40,60,40,60,10,False,False,False
829,830,eldegoss,grass,,cotton-down,regenerator,effect-spore,60,50,90,80,120,60,False,False,False
830,831,wooloo,normal,,fluffy,run-away,bulletproof,42,40,55,40,45,48,False,False,False
831,832,dubwool,normal,,fluffy,steadfast,bulletproof,72,80,100,60,90,88,False,False,False
832,833,chewtle,water,,strong-jaw,shell-armor,swift-swim,50,64,50,38,38,44,False,False,False
833,834,drednaw,water,rock,strong-jaw,shell-armor,swift-swim,90,115,90,48,68,74,False,False,False
834,835,yamper,electric,,ball-fetch,,rattled,59,45,50,40,50,26,False,False,False
835,836,boltund,electric,,strong-jaw,,competitive,69,90,60,90,60,121,False,False,False
836,837,rolycoly,rock,,steam-engine,heatproof,flash-fire,30,40,50,40,50,30,False,False,False
837,838,carkol,rock,fire,steam-engine,flame-body,flash-fire,80,60,90,60,70,50,False,False,False
838,839,coalossal,rock,fire,steam-engine,flame-body,flash-fire,110,80,120,80,90,30,False,False,False
839,840,applin,grass,dragon,ripen,gluttony,bulletproof,40,40,80,40,40,20,False,False,False
840,841,flapple,grass,dragon,ripen,gluttony,hustle,70,110,80,95,60,70,False,False,False
841,842,appletun,grass,dragon,ripen,gluttony,thick-fat,110,85,80,100,80,30,False,False,False
842,843,silicobra,ground,,sand-spit,shed-skin,sand-veil,52,57,75,35,50,46,False,False,False
843,844,sandaconda,ground,,sand-spit,shed-skin,sand-veil,72,107,125,65,70,71,False,False,False
844,845,cramorant,flying,water,gulp-missile,,,70,85,55,85,95,85,False,False,False
845,846,arrokuda,water,,swift-swim,,propeller-tail,41,63,40,40,30,66,False,False,False
846,847,barraskewda,water,,swift-swim,,propeller-tail,61,123,60,60,50,136,False,False,False
847,848,toxel,electric,poison,rattled,static,klutz,40,38,35,54,35,40,False,False,False
848,849,toxtricity-amped,electric,poison,punk-rock,plus,technician,75,98,70,114,70,75,False,False,False
849,850,sizzlipede,fire,bug,flash-fire,white-smoke,flame-body,50,65,45,50,50,45,False,False,False
850,851,centiskorch,fire,bug,flash-fire,white-smoke,flame-body,100,115,65,90,90,65,False,False,False
851,852,clobbopus,fighting,,limber,,technician,50,68,60,50,50,32,False,False,False
852,853,grapploct,fighting,,limber,,technician,80,118,90,70,80,42,False,False,False
853,854,sinistea,ghost,,weak-armor,,cursed-body,40,45,45,74,54,50,False,False,False
854,855,polteageist,ghost,,weak-armor,,cursed-body,60,65,65,134,114,70,False,False,False
855,856,hatenna,psychic,,healer,anticipation,magic-bounce,42,30,45,56,53,39,False,False,False
856,857,hattrem,psychic,,healer,anticipation,magic-bounce,57,40,65,86,73,49,False,False,False
857,858,hatterene,psychic,fairy,healer,anticipation,magic-bounce,57,90,95,136,103,29,False,False,False
858,859,impidimp,dark,fairy,prankster,frisk,pickpocket,45,45,30,55,40,50,False,False,False
859,860,morgrem,dark,fairy,prankster,frisk,pickpocket,65,60,45,75,55,70,False,False,False
860,861,grimmsnarl,dark,fairy,prankster,frisk,pickpocket,95,120,65,95,75,60,False,False,False
861,862,obstagoon,dark,normal,reckless,guts,defiant,93,90,101,60,81,95,False,False,False
862,863,perrserker,steel,,battle-armor,tough-claws,steely-spirit,70,110,100,50,60,50,False,False,False
863,864,cursola,ghost,,weak-armor,,perish-body,60,95,50,145,130,30,False,False,False
864,865,sirfetchd,fighting,,steadfast,,scrappy,62,135,95,68,82,65,False,False,False
865,866,mr-rime,ice,psychic,tangled-feet,screen-cleaner,ice-body,80,85,75,110,100,70,False,False,False
866,867,runerigus,ground,ghost,wandering-spirit,,,58,95,145,50,105,30,False,False,False
867,868,milcery,fairy,,sweet-veil,,aroma-veil,45,40,40,50,61,34,False,False,False
868,869,alcremie,fairy,,sweet-veil,,aroma-veil,65,60,75,110,121,64,False,False,False
869,870,falinks,fighting,,battle-armor,,defiant,65,100,100,70,60,75,False,False,False
870,871,pincurchin,electric,,lightning-rod,,electric-surge,48,101,95,91,85,15,False,False,False
871,872,snom,ice,bug,shield-dust,,ice-scales,30,25,35,45,30,20,False,False,False
872,873,frosmoth,ice,bug,shield-dust,,ice-scales,70,65,60,125,90,65,False,False,False
873,874,stonjourner,rock,,power-spot,,,100,125,135,20,20,70,False,False,False
874,875,eiscue-ice,ice,,ice-face,,,75,80,110,65,90,50,False,False,False
875,876,indeedee-male,psychic,normal,inner-focus,synchronize,psychic-surge,60,65,55,105,95,95,False,False,False
876,877,morpeko-full-belly,electric,dark,hunger-switch,,,58,95,58,70,58,97,False,False,False
877,878,cufant,steel,,sheer-force,,heavy-metal,72,80,49,40,49,40,False,False,False
878,879,copperajah,steel,,sheer-force,,heavy-metal,122,130,69,80,69,30,False,False,False
879,880,dracozolt,electric,dragon,volt-absorb,hustle,sand-rush,90,100,90,80,70,75,False,False,False
880,881,arctozolt,electric,ice,volt-absorb,static,slush-rush,90,100,90,90,80,55,False,False,False
881,882,dracovish,water,dragon,water-absorb,strong-jaw,sand-rush,90,90,100,70,80,75,False,False,False
882,883,arctovish,water,ice,water-absorb,ice-body,slush-rush,90,90,100,80,90,55,False,False,False
883,884,duraludon,steel,dragon,light-metal,heavy-metal,stalwart,70,95,115,120,50,85,False,False,False
884,885,dreepy,dragon,ghost,clear-body,infiltrator,cursed-body,28,60,30,40,30,82,False,False,False
885,886,drakloak,dragon,ghost,clear-body,infiltrator,cursed-body,68,80,50,60,50,102,False,False,False
886,887,dragapult,dragon,ghost,clear-body,infiltrator,cursed-body,88,120,75,100,75,142,False,False,True
887,888,zacian,fairy,,intrepid-sword,,,92,130,115,80,115,138,True,False,False
888,889,zamazenta,fighting,,dauntless-shield,,,92,130,115,80,115,138,True,False,False
889,890,eternatus,poison,dragon,pressure,,,140,85,95,145,95,130,True,False,False
890,891,kubfu,fighting,,inner-focus,,,60,90,60,53,50,72,True,False,False
891,892,urshifu-single-strike,fighting,dark,unseen-fist,,,100,130,100,63,60,97,True,False,False
892,893,zarude,dark,grass,leaf-guard,,,105,120,105,70,95,105,False,True,False
893,894,regieleki,electric,,transistor,,,80,100,50,100,50,200,True,False,False
894,895,regidrago,dragon,,dragons-maw,,,200,100,50,100,50,80,True,False,False
895,896,glastrier,ice,,chilling-neigh,,,100,145,130,65,110,30,True,False,False
896,897,spectrier,ghost,,grim-neigh,,,100,65,60,145,80,130,True,False,False
897,898,calyrex,psychic,grass,unnerve,,,100,80,80,80,80,80,True,False,False
